Core Subject,Issue of Interest,Code,New Key Considerations,OrderBy,Groupby,Dropdown,Company Performance (answer options),Company Performance (backend scores),Supporting documentation,,,,,,,,,,,,,,
organizationalGovernance,ethicalConduct,1_1_1,Organisation has a code of ethics/conduct in place,0,0,1,Yes / No,4 - Very good / 0 - Very poor,"Code of ethics / Code of conduct, or equivalent",,,,,,,,,,,,,,
organizationalGovernance,ethicalConduct,1_1_2,Organisation communicates its code of ethics/conduct internally,1,0,1,Yes / No,4 - Very good / 0 - Very poor,"Evidence of communicating the code of ethics internally, or equivalent",,,,,,,,,,,,,,
organizationalGovernance,ethicalConduct,1_1_3,Organisation communicates its code of ethics/conduct externally,2,0,1,Yes / No,4 - Very good / 0 - Very poor,"Evidence of communicating the code of ethics externally, or equivalent",,,,,,,,,,,,,,
organizationalGovernance,ethicalConduct,1_1_4,Organisation has clear definition and communication of its vision/mission/values ,3,0,1,Yes / No,4 - Very good / 0 - Very poor,"Document stating vision/mission/values or link to relevant section on website, or equivalent",,,,,,,,,,,,,,
organizationalGovernance,ethicalConduct,1_1_5,Organisation actively promotes employee participation in the organisation’s social responsibility activities,4,0,1,Yes / No,4 - Very good / 0 - Very poor,"Evidence of promoting employee participation in social responsibility activities e_g_ communication through emails, publications, announcements, or equivalent",,,,,,,,,,,,,,
organizationalGovernance,ethicalConduct,1_1_6,Organisation has implemented ethics programme(s),5,0,1,Yes / No,4 - Very good / 0 - Very poor,"Evidence demonstrating activity promoting ethical conduct on a regular basis e_g_ training, event, or equivalent",,,,,,,,,,,,,,
organizationalGovernance,transparency,1_2_1,"Organisation practices complete, accurate, and appropriate disclosure of its processes, mechanisms, procedures, decisionmaking and changes pertaining to its governance structure",0,0,1,Yes / No,4 - Very good / 0 - Very poor,"Evidence of disclosure on these matters e_g_ announcements, newsletter, publications, or equivalent",,,,,,,,,,,,,,
organizationalGovernance,transparency,1_2_2,Organisation has adequate data security measures in place,1,0,1,Yes / No,4 - Very good / 0 - Very poor,"Example of data security measures e_g_ Internationally Recognised Certifications on information security such as ISO27001, or equivalent",,,,,,,,,,,,,,
organizationalGovernance,transparency,1_2_3,Organisation practices voluntary disclosure of the executive remuneration packages,2,0,1,No / Yes - what is required by law / Yes - over and above what is required by law,0 - Very poor / 2 - Acceptable / 4 - Very good,"Evidence of disclosing salaries, shares and benefits of its executives e_g_ report, announcement, document, or equivalent",,,,,,,,,,,,,,
organizationalGovernance,respectOfRuleOfLaw,1_3_1,"Organisation is compliant with all local, regional, national and international laws and regulations that apply to it",0,0,1,Yes / No,4 - Very good / 0 - Very poor,"Evidence of overall regulatory compliance e_g_ compliance report OR responsible statement of compliance to applicable laws, or equivalent",,,,,,,,,,,,,,
organizationalGovernance,respectOfRuleOfLaw,1_3_2,"Organisation is compliant with all local, regional, national and international conventions that apply to it",1,0,1,Yes / No,4 - Very good / 0 - Very poor,"Evidence of compliance e_g_ certificate, compliance report or equivalent",,,,,,,,,,,,,,
organizationalGovernance,respectOfRuleOfLaw,1_3_3,Organisation has appropriate and adequate appeals processes in place,2,0,1,Yes / No,4 - Very good / 0 - Very poor,"Example of an appeal process e_g_ Grievances policy, Code of conduct, Examples of appeal forms, etc_, or equivalent",,,,,,,,,,,,,,
organizationalGovernance,accountability,1_4_1,Organisation practices fair and responsible disclosure of interest on matters that affect its stakeholders,0,0,1,Yes / No,4 - Very good / 0 - Very poor,"Example of disclosure of interest e_g_ article, announcement, etc_, or equivalent",,,,,,,,,,,,,,
organizationalGovernance,accountability,1_4_2,Organisation has risk management procedure(s) in place,1,0,1,Yes / No,4 - Very good / 0 - Very poor,Evidence of risk management procedure(s) or equivalent,,,,,,,,,,,,,,
organizationalGovernance,accountability,1_4_3,Organisation has appointed a member(s) of staff the responsibility of internal assessment/audit,2,0,1,Yes / No,4 - Very good / 0 - Very poor,"Company organogram / Official description of roles & responsibilities, or equivalent",,,,,,,,,,,,,,
organizationalGovernance,corporateGovernance,1_5_1,Number of best management practices and business codes of conduct the organisation has implemented,0,0,1,"Yes / No 
(and ask how many)",4 - Very good / 0 - Very poor,"Evidence of Certification/Verification documents of standards/guidelines and existing management systems (e_g_ quality, environmental, CSR, etc_), or equivalent",,,,,,,,,,,,,,
organizationalGovernance,corporateGovernance,1_5_2,"Organisation develops strategies, objectives and targets that reflect its commitment to social responsibility",1,0,1,Yes / No,4 - Very good / 0 - Very poor,"Evidence of social responsibility related strategies, objectives and targets, or equivalent",,,,,,,,,,,,,,
organizationalGovernance,corporateGovernance,1_5_3,"Organisation has oversight processes/mechanisms in place to balance the level of authority, responsibility and capacity of the people who make decisions on behalf of the organisation (internal controls)",2,0,1,Yes / No,4 - Very good / 0 - Very poor,"Evidence of relevant processes, policies, etc_, or equivalent",,,,,,,,,,,,,,
organizationalGovernance,corporateGovernance,1_5_4,Organisation has adequate and transparent decision making processes in place,3,0,1,Yes / No,4 - Very good / 0 - Very poor,"Evidence of a decision-making process, or equivalent",,,,,,,,,,,,,,
organizationalGovernance,corporateGovernance,1_5_5,Organisation keeps records of decisionmaking and relevant implementation,4,0,1,Yes / No,4 - Very good / 0 - Very poor,"Evidence of relevant record keeping, or equivalent",,,,,,,,,,,,,,
organizationalGovernance,corporateGovernance,1_5_6,"Organisation periodically reviews and evaluates its governance processes/
mechanisms",5,0,1,Yes / No,4 - Very good / 0 - Very poor,"Evidence of review and evaluation of governance processes/mechanisms, or equivalent",,,,,,,,,,,,,,
organizationalGovernance,corporateGovernance,1_5_7,Organisation adjusts its governance processes/mechanisms according to the outcomes of its reviews,6,0,1,Yes / No,4 - Very good / 0 - Very poor,Evidence of follow-up action with respect to review and evaluation results,,,,,,,,,,,,,,
organizationalGovernance,corporateGovernance,1_5_8,Organisation communicates changes to its governance processes/mechanisms to its stakeholders (internally and externally),7,0,1,Yes / No,4 - Very good / 0 - Very poor,"Evidence of communicating changes to governance practices, or equivalent",,,,,,,,,,,,,,
organizationalGovernance,corporateGovernance,1_5_9,Organisation has a formal committee on sustainability or a sustainability officer,8,0,1,Yes / No,4 - Very good / 0 - Very poor,"Roles and responsibilities document / Minutes from sustainability committee meetings / Example of document mentioning committee or appointed officer or their duties, or equivalent",,,,,,,,,,,,,,
organizationalGovernance,corporateGovernance,1_5_10,Organisation practices nonfinancial reporting (where not legally required to practice nonfinancial reporting),9,0,1,Yes / No,4 - Very good / 0 - Very poor,"Last two non-financial/sustainability/CSR reports, or equivalent",,,,,,,,,,,,,,"This is actually one of the biggest highlights of our system, as it uses a unique two-score system which is specifically aimed at comparing apples to apples and oranges to oranges_ The two-score system uses a) a company performance score and b) a relevance & significance score_ The relevance & significance score measures how relevant, or how material, a specific parameter is to the supplier in question_ Depending on how relevant & significant the supplier rates each of the 300+ parameters examined by the system, an analogous overall score for relevance & significance is generated, as well as for each of the seven pillars in which the parameters are grouped_ How relevant & significant something is to a company is predominantly influenced by its size and industry of operation, therefore the examples given in the questions would have different overal relevance & significance scores, which would also be reflected in the animated results that are generated for reflecting the company's current CSR status (please see figure X in the ""___"" document attached_"
organizationalGovernance,corporateGovernance,1_5_11,Organisation practices stakeholder engagement,10,0,1,Yes / No,4 - Very good / 0 - Very poor,"Evidence of carrying out stakeholder engagement e_g_ minutes kept, attendance sheet, newsletters, articles, or equivalent",,,,,,,,,,,,,,
organizationalGovernance,corporateGovernance,1_5_12,Organisation has processes/mechanisms in place for its stakeholders to be able to communicate their views,11,0,1,Yes / No,4 - Very good / 0 - Very poor,"Evidence of stakeholder communication channels e_g_ hotline, enquires via website, etc_, or equivalent",,,,,,,,,,,,,,
organizationalGovernance,corporateGovernance,1_5_13,Organisation incorporates the results of its stakeholder engagements in its decision making,12,0,1,Yes / No,4 - Very good / 0 - Very poor,"Evidence of inclusion of stakeholder feedback in decision-making e_g_ report, follow-up actions, etc_, or equivalent",,,,,,,,,,,,,,
organizationalGovernance,corporateGovernance,1_5_14,Organisation has processes/mechanisms in place to negotiate and resolve possible disagreements and conflicts with stakeholders,13,0,1,,,Grievance policy or equivalent,,,,,,,,,,,,,,
organizationalGovernance,corporateGovernance,1_5_15,Organisation has an organisational structure and roles and responsibilities in place,14,0,1,Yes / No,4 - Very good / 0 - Very poor,"Company organogram / Official description of roles & responsibilities, or equivalent",,,,,,,,,,,,,,
organizationalGovernance,corporateGovernance,1_5_16,Organisation has processes/mechanisms in place to maximise the productivity of its human resources,15,0,1,Yes / No,4 - Very good / 0 - Very poor,"Evidence of human resource productivity optimisation processes/mechanisms e_g_ profitability evaluation, or equivalent",,,,,,,,,,,,,,
organizationalGovernance,corporateGovernance,1_5_17,Organisation has processes/mechanisms in place to use natural and financial resources as efficiently as possible,16,0,1,Yes / No,4 - Very good / 0 - Very poor,"Evidence of natural and financial resource optimisation processes/mechanisms, or equivalent",,,,,,,,,,,,,,
organizationalGovernance,corporateGovernance,1_5_18,Organisation practices fair recruitment including offering equal opportunities for underrepresented groups (including women and racial and ethnic groups) within the organization,17,0,1,Yes / No,4 - Very good / 0 - Very poor,"Example of recruitment / promotion / appraisal process, or equivalent",,,,,,,,,,,,,,
organizationalGovernance,corporateGovernance,1_5_19,Organisation offers equal opportunities for underrepresented groups (including women and racial and ethnic groups) within the board,18,0,1,Yes / No,4 - Very good / 0 - Very poor,"Example of management promotion / board criteria, or equivalent",,,,,,,,,,,,,,
organizationalGovernance,corporateGovernance,1_5_20_1,Sustainability committee or officer has decisionmaking mechanisms in place explicitly addressing the following:,19,0,1,Yes / No,4 - Very good / 0 - Very poor,"Evidence of decision-making mechanism on sustainability, or equivalent",,,,,,,,,,,,,,
organizationalGovernance,corporateGovernance,1_5_20_2," Human Rights, ",20,0,1,Yes / No,5 - Very good / 0 - Very poor,"Evidence of decision-making mechanism on sustainability, or equivalent",,,,,,,,,,,,,,
organizationalGovernance,corporateGovernance,1_5_20_3," Labour Practices, ",21,0,1,Yes / No,6 - Very good / 0 - Very poor,"Evidence of decision-making mechanism on sustainability, or equivalent",,,,,,,,,,,,,,
organizationalGovernance,corporateGovernance,1_5_20_4," The Environment, ",22,0,1,Yes / No,7 - Very good / 0 - Very poor,"Evidence of decision-making mechanism on sustainability, or equivalent",,,,,,,,,,,,,,
organizationalGovernance,corporateGovernance,1_5_20_5," Fair Operating Practices, ",23,0,1,Yes / No,8 - Very good / 0 - Very poor,"Evidence of decision-making mechanism on sustainability, or equivalent",,,,,,,,,,,,,,
organizationalGovernance,corporateGovernance,1_5_20_6," Consumer Issues, ",24,0,1,Yes / No,9 - Very good / 0 - Very poor,"Evidence of decision-making mechanism on sustainability, or equivalent",,,,,,,,,,,,,,
organizationalGovernance,corporateGovernance,1_5_20_7, Community Involvement and Development,25,0,1,Yes / No,10 - Very good / 0 - Very poor,"Evidence of decision-making mechanism on sustainability, or equivalent",,,,,,,,,,,,,,
organizationalGovernance,corporateGovernance,1_5_21,Organisation offers economic and noneconomic incentives for its stakeholders (internal and external) to improve the organisation’s sustainability performance and corporate responsibility,26,0,1,Yes / No,4 - Very good / 0 - Very poor,Evidence of providing incentives e_g_ Employee Handbook / Corporate responsibility/sustainability incentives policy / Publications / Evidence of specific actions taken,,,,,,,,,,,,,,
humanRights,dueDiligence,2_1_1,Organisation has a human righs policy in place,0,0,1,Yes / No,4 - Very good / 0 - Very poor,"Evidence of a human rights Policy e_g_ Human Rights policy / Code of conduct, or equivalent",,,,,,,,,,,,,,
humanRights,dueDiligence,2_1_2,Organisation integrates human rights policy throughout the organisation,1,0,1,Yes / No,4 - Very good / 0 - Very poor,"Evidence of human rights policy integration e_g_ communication, human rights audit report, or equivalent",,,,,,,,,,,,,,
humanRights,dueDiligence,2_1_3,Organisation regularly assesses how existing and proposed activities and decisions affect human rights,2,0,1,Yes / No,4 - Very good / 0 - Very poor,"Assessment report on human rights impact, or equivalent",,,,,,,,,,,,,,
humanRights,dueDiligence,2_1_4,Organisation takes action to address the negative human rights impacts of its decisions and activities,3,0,1,Yes / No,4 - Very good / 0 - Very poor,"Relevant evidence of actions taken, or equivalent",,,,,,,,,,,,,,
humanRights,dueDiligence,2_1_5,Organisation monitors performance on human rights initiatives,4,0,1,Yes / No,4 - Very good / 0 - Very poor,"Evidence of monitoring e_g_ performance assessment report and results, KPIs or equivalent",,,,,,,,,,,,,,
humanRights,dueDiligence,2_1_6,"Organisation adjusts its actions, priorities and approach according to its assessments on human rights performance",5,0,1,Yes / No,4 - Very good / 0 - Very poor,Relevant evidence e_g_ performance correction actions or equivalent,,,,,,,,,,,,,,
humanRights,dueDiligence,2_1_7,"Organisation is compliant with national, regional and international laws on human rights_",6,0,1,Yes / No,4 - Very good / 0 - Very poor,Relevant evidence,,,,,,,,,,,,,,
humanRights,dueDiligence,2_1_8_1,"Organisation is compliant with the International Bill of Human Rights (which consist of the International Covenant on Economic, Social and Cultural Rights and the optional protocols to the covenants) and the seven core international human rights instruments dealing with:",7,0,1,Yes / No,4 - Very good / 0 - Very poor,"Evidence of compliance with the International Bill of Human Rights e_g_ stated in human rights policy, processes of checking compliance with related subjects",,,,,,,,,,,,,,
humanRights,dueDiligence,2_1_8_2,– Elimination of all forms of racial discrimination,8,0,1,Yes / No,4 - Very good / 0 - Very poor,"Evidence of compliance with the International Bill of Human Rights e_g_ stated in human rights policy, processes of checking compliance with related subjects",,,,,,,,,,,,,,
humanRights,dueDiligence,2_1_8_3,– Elimination of all forms of discrimination against women,9,0,1,Yes / No,4 - Very good / 0 - Very poor,"Evidence of compliance with the International Bill of Human Rights e_g_ stated in human rights policy, processes of checking compliance with related subjects",,,,,,,,,,,,,,
humanRights,dueDiligence,2_1_8_4,"– Measures to prevent and eliminate torture and other cruel, inhuman or degrading treatment or punishments",10,0,1,Yes / No,4 - Very good / 0 - Very poor,"Evidence of compliance with the International Bill of Human Rights e_g_ stated in human rights policy, processes of checking compliance with related subjects",,,,,,,,,,,,,,
humanRights,dueDiligence,2_1_8_5,– Rights of the child,11,0,1,Yes / No,4 - Very good / 0 - Very poor,"Evidence of compliance with the International Bill of Human Rights e_g_ stated in human rights policy, processes of checking compliance with related subjects",,,,,,,,,,,,,,
humanRights,dueDiligence,2_1_8_6,– Involvement of children in armed conflict,12,0,1,Yes / No,4 - Very good / 0 - Very poor,"Evidence of compliance with the International Bill of Human Rights e_g_ stated in human rights policy, processes of checking compliance with related subjects",,,,,,,,,,,,,,
humanRights,dueDiligence,2_1_8_7,"– Sale of children, child prostitution and child pornography",13,0,1,Yes / No,4 - Very good / 0 - Very poor,"Evidence of compliance with the International Bill of Human Rights e_g_ stated in human rights policy, processes of checking compliance with related subjects",,,,,,,,,,,,,,
humanRights,dueDiligence,2_1_8_8,– Protection of migrant workers and their families,14,0,1,Yes / No,4 - Very good / 0 - Very poor,"Evidence of compliance with the International Bill of Human Rights e_g_ stated in human rights policy, processes of checking compliance with related subjects",,,,,,,,,,,,,,
humanRights,dueDiligence,2_1_8_9,– Protection of all persons from enforced disappearances,15,0,1,Yes / No,4 - Very good / 0 - Very poor,"Evidence of compliance with the International Bill of Human Rights e_g_ stated in human rights policy, processes of checking compliance with related subjects",,,,,,,,,,,,,,
humanRights,dueDiligence,2_1_8_10,– Rights of persons with disabilities,16,0,1,Yes / No,4 - Very good / 0 - Very poor,"Evidence of compliance with the International Bill of Human Rights e_g_ stated in human rights policy, processes of checking compliance with related subjects",,,,,,,,,,,,,,
humanRights,humanRightsRisksSituations,2_2_1,Organisation implements independent human rights impact assessment to identify and assess human rights risk,0,0,1,Yes / No,4 - Very good / 0 - Very poor,"Relevant evidence e_g_ human rights impact assessment report, or equivalent",,,,,,,,,,,,,,
humanRights,humanRightsRisksSituations,2_2_2,Organisation manages and mitigates identified human rights risks,1,0,1,Yes / No,4 - Very good / 0 - Very poor,"Evidence of addressing identified human rights risks, or equivalent",,,,,,,,,,,,,,
humanRights,humanRightsRisksSituations,2_2_3,Organisation takes into account human rights risk assessment results in decisionmaking,2,0,1,Yes / No,4 - Very good / 0 - Very poor,"Evidence of including human rights risk assessment results in decision-making e_g_ report, follow-up actions, etc_ or equivalent",,,,,,,,,,,,,,
humanRights,humanRightsRisksSituations,2_2_4,Organisation promotes human rights awareness and fulfilment,3,0,1,Yes / No,4 - Very good / 0 - Very poor,"Evidence of promoting human rights awareness and fulfilment e_g_ awareness raising events or campaigns, newsletter article, website announcement, or equivalent",,,,,,,,,,,,,,
humanRights,avoindanceOfComplicity,2_3_1,"Organisations human rights policy includes applicable guidance on preventing human rights abuses and on direct, beneficial and silent complicity in human rights abuses internally and in throughout its value chain",0,0,1,Yes / No,4 - Very good / 0 - Very poor,Human rights policy or equivalent,,,,,,,,,,,,,,
humanRights,avoindanceOfComplicity,2_3_2,Organisation offers human rights training,1,0,1,Yes / No,4 - Very good / 0 - Very poor,"Training attendance sheet, Training curriculum/agenda, or equivalent",,,,,,,,,,,,,,
humanRights,avoindanceOfComplicity,2_3_3,"Organisations due dilligence and human rights risk assesment processes integrate legal and societal benchmarks to identify, prevent and address risks of direct, beneficial and silent complicity in human rights abuses",2,0,1,Yes / No,4 - Very good / 0 - Very poor,"Evidence of risk assessment process, or equivalent",,,,,,,,,,,,,,
humanRights,avoindanceOfComplicity,2_3_4,Organisation informs itself about the social and environmental conditions in which its purchased goods and services are produced,3,0,1,Yes / No,4 - Very good / 0 - Very poor,"Evidence of gathering information on social and environmental conditions in which its purchased goods and services are produced, or equivalent",,,,,,,,,,,,,,
humanRights,avoindanceOfComplicity,2_3_5,"Organisation ensures it is not complicit in any displacement of people from their land unless it is done in conformity with national law and international norms, which includes exploring all alternative solutions and ensuring affected parties are provided with adequate compensation",4,0,1,Yes / No,4 - Very good / 0 - Very poor,"Evidence of assessment on complicity in displacement of people from their land, or equivalent",,,,,,,,,,,,,,
humanRights,avoindanceOfComplicity,2_3_6,Organisation has complaint mechanisms in place explicitly for matters related to security procedures and personnel,5,0,1,Yes / No,4 - Very good / 0 - Very poor,"Evidence of complaint mechanisms, or equivalent",,,,,,,,,,,,,,
humanRights,avoindanceOfComplicity,2_3_7_1,Organisations policy on human rights explicitly covers the organisations security practices to include:,6,0,1,Yes / No,4 - Very good / 0 - Very poor,Human rights policy or equivalent,,,,,,,,,,,,,,
humanRights,avoindanceOfComplicity,2_3_7_2,– Ensuring that its security arrangements respect human rights,7,0,1,Yes / No,4 - Very good / 0 - Very poor,Human rights policy or equivalent,,,,,,,,,,,,,,
humanRights,avoindanceOfComplicity,2_3_7_3,– Ensuring that its security arrangements are consistent with international norms and standards for law enforcement,8,0,1,Yes / No,4 - Very good / 0 - Very poor,Human rights policy or equivalent,,,,,,,,,,,,,,
humanRights,avoindanceOfComplicity,2_3_7_4,"– Ensuring that security personnel (employed, contracted or subcontracted) is adequately trained, including in adherence to standards of human rights",9,0,1,Yes / No,4 - Very good / 0 - Very poor,Human rights policy or equivalent,,,,,,,,,,,,,,
humanRights,avoindanceOfComplicity,2_3_7_5,"– Ensuring that complaints about security procedures or personnel are addressed and investigated promptly and, where appropriate, independently",10,0,1,Yes / No,4 - Very good / 0 - Very poor,Human rights policy or equivalent,,,,,,,,,,,,,,
humanRights,avoindanceOfComplicity,2_3_8,"Organisation makes public statements, or takes other action indicating that it does not condone human rights abuse, such as acts of discrimination, occurring in employment in the country(ies) it operates",11,0,1,Yes / No,4 - Very good / 0 - Very poor,"Public statement or other action indicating non-condonment of human rights abuse, or equivalent",,,,,,,,,,,,,,
humanRights,avoindanceOfComplicity,2_3_9,Organisation does not provide goods or services to an entity that uses them to carry out human rights abuses,12,0,1,Yes / No,4 - Very good / 0 - Very poor,"Client assessment on human rights abuse, or equivalent",,,,,,,,,,,,,,
humanRights,avoindanceOfComplicity,2_3_10,Organisation does not enter into a formal or informal partnership or contractual relationship with a partner that commits human rights abuses in the context of the partnership or in the execution of the contracted work and/or with entities engaged in antisocial activities,13,0,1,Yes / No,4 - Very good / 0 - Very poor,"Partner assessment on human rights abuse, procurement policy, or equivalent",,,,,,,,,,,,,,
humanRights,avoindanceOfComplicity,2_3_11,"Organisation takes direct, beneficial and silent complicity throughout its value chain into account in its decisionmaking",14,0,1,Yes / No,4 - Very good / 0 - Very poor,Procurement policy or equivalent,,,,,,,,,,,,,,
humanRights,resolvingGievances,2_4_1,Organisation has a policy on human rights grievance resolution in place ,0,0,1,Yes / No,4 - Very good / 0 - Very poor,"Grievance resolution policy / form, or equivalent",,,,,,,,,,,,,,
humanRights,resolvingGievances,2_4_2_1,"Organisation has process in place to report, investigate and resolve grievances which:",1,0,1,Yes / No,4 - Very good / 0 - Very poor,"Grievance process e_g_ form, report, or equivalent",,,,,,,,,,,,,,
humanRights,resolvingGievances,2_4_2_2," is clear, transparent and independent",2,0,1,Yes / No,4 - Very good / 0 - Very poor,"Grievance process e_g_ form, report, or equivalent",,,,,,,,,,,,,,
humanRights,resolvingGievances,2_4_2_3, provides standard timelines and stages complainants should expect,3,0,1,Yes / No,4 - Very good / 0 - Very poor,"Grievance process e_g_ form, report, or equivalent",,,,,,,,,,,,,,
humanRights,resolvingGievances,2_4_2_4, prevents unfair interference,4,0,1,Yes / No,4 - Very good / 0 - Very poor,"Grievance process e_g_ form, report, or equivalent",,,,,,,,,,,,,,
humanRights,resolvingGievances,2_4_2_5, includes monitoring of implementation of outcomes,5,0,1,Yes / No,4 - Very good / 0 - Very poor,"Grievance process e_g_ form, report, or equivalent",,,,,,,,,,,,,,
humanRights,resolvingGievances,2_4_2_6, is based on dialogue and mediation,6,0,1,Yes / No,4 - Very good / 0 - Very poor,"Grievance process e_g_ form, report, or equivalent",,,,,,,,,,,,,,
humanRights,resolvingGievances,2_4_2_7, accounts for complainants disclosure of satisfaction with the resolution achieved_,7,0,1,Yes / No,4 - Very good / 0 - Very poor,"Grievance process e_g_ form, report, or equivalent",,,,,,,,,,,,,,
humanRights,resolvingGievances,2_4_2_8," is accessible and provides assistance that accounts for aggrieved parties who may face difficulties such as language, illiteracy, lack of awareness or finance, distance, disability or fear of reprisal",8,0,1,Yes / No,4 - Very good / 0 - Very poor,"Grievance process e_g_ form, report, or equivalent",,,,,,,,,,,,,,
humanRights,resolvingGievances,2_4_2_9," provides access to sources of information, advice and expertise necessary to engage in a Fair grievance process",9,0,1,Yes / No,4 - Very good / 0 - Very poor,"Grievance process e_g_ form, report, or equivalent",,,,,,,,,,,,,,
humanRights,resolvingGievances,2_4_2_10, is compliant with internationally recognised Human Rights standards,10,0,1,Yes / No,4 - Very good / 0 - Very poor,"Certification or verification on relevant standard, or equivalent",,,,,,,,,,,,,,
humanRights,resolvingGievances,2_4_3,Organisation is successful in resolving the grievances reported (in the last 12 months),11,0,2," Number of grievances reported; Number of satisfactory resolutions

Formula: number of satisfactory resolutions / number of grievances reported

The fields should not allow for invalid numbers to be inputted e_g_ bigger numerator than denominator, or 0 value in the denominator but If both 0, then ok_","Percentage of satisfactory resolutions: 
0-20%/20-40%/40-60%/60-80%/80-100%

0 - Very poor /  1 - Poor / 2 - Acceptable / 3 - Good / 4 - Very Good","Grievances annual record/report/accounts, or equivalent",,,,,,,,,,,,,,
humanRights,discriminationAndVulnerableGroups,2_5_1_0,Organisations human rights policy in place covers the following:,0,1,0,,,,,,,,,,,,,,,,,
humanRights,discriminationAndVulnerableGroups,2_5_1_1," Discrimination of employees, partners, customers, stakeholders, members and anyone else with whom it has contact or on whom it can have an impact on The grounds of race, colour, gender, age, language, property, nationality or national origin, religion, ethnic or social origin, caste, economic grounds, disability, pregnancy, belonging to an indigenous people, trade union affiliation, political affiliation or political or other opinion, marital or family status, personal relationships and health status e_g_ HIV/AIDS status, descent, including caste",1,1,1,Yes / No,4 - Very good / 0 - Very poor,"Human Rights policy / Code of conduct, or equivalent",,,,,,,,,,,,,,
humanRights,discriminationAndVulnerableGroups,2_5_1_2," Children, including sexual and other forms of exploitation of Children",2,1,1,Yes / No,4 - Very good / 0 - Very poor,"Human Rights policy / Code of conduct, or equivalent",,,,,,,,,,,,,,
humanRights,discriminationAndVulnerableGroups,2_5_2,Organisation keeps records of discriminationrelated violations or incidents,3,0,1,Yes / No,4 - Very good / 0 - Very poor,"Record of discrimination incident(s), or equivalent",,,,,,,,,,,,,,
humanRights,discriminationAndVulnerableGroups,2_5_3,Organisation carries out activities for promoting inclusion and development of employees coming from vulnerable groups,4,0,1,Yes / No,4 - Very good / 0 - Very poor,"Evidence of carrying out these activities e_g_ minutes kept, attendance sheet, newsletters, articles, or equivalent",,,,,,,,,,,,,,
humanRights,discriminationAndVulnerableGroups,2_5_4,"Organisations due dilligence and human rights risk assesment processes also include discrimination, including indirect discrimination of employees, partners, customers, stakeholders, members and anyone else with whom it has contact or on whom it can have an impact and how the organisation engages vulnerable groups across its value chain",5,0,1,Yes / No,4 - Very good / 0 - Very poor,"Human rights risk assessment criteria, report or equivalent",,,,,,,,,,,,,,
humanRights,discriminationAndVulnerableGroups,2_5_5,"Organisation takes into account the outcomes of the due diligence and human rights risk assessment processes pertaining to discrimination, including indirect discrimination, and vulnerable groups, in decisionmaking",6,0,1,Yes / No,4 - Very good / 0 - Very poor,"Evidence of including human rights risk assessment results pertaining to discrimination, in decision-making e_g_ report, follow-up actions, etc_ or equivalent",,,,,,,,,,,,,,
humanRights,discriminationAndVulnerableGroups,2_5_6,Organisation encourages and assists other parties in its value chain in their responsibility to prevent discrimination,7,0,1,Yes / No,4 - Very good / 0 - Very poor,"Evidence of providing support to value chain entities on preventing discrimination e_g_ workshops, trianing and awareness raising events, or equivalent",,,,,,,,,,,,,,
humanRights,discriminationAndVulnerableGroups,2_5_7,"Organisation takes into consideration in its partnerships and relationships how
parties in its value chain identify, address and prevent discrimination internally and externally",8,0,1,Yes / No,4 - Very good / 0 - Very poor,"Evidence of requesting information from value chain entities on due diligence on discrimination, or equivalent",,,,,,,,,,,,,,
humanRights,discriminationAndVulnerableGroups,2_5_8,"Organisation contributes to redressing discrimination or the legacy of past discrimination, wherever practicable",9,0,1,Yes / No,4 - Very good / 0 - Very poor,"Discrimination redress policy or evidence of redressing discrimination e_g_ compensation, or equivalent",,,,,,,,,,,,,,
humanRights,discriminationAndVulnerableGroups,2_5_9,Organization facilitates the raising of awareness of their rights among members of vulnerable groups,10,0,1,Yes / No,4 - Very good / 0 - Very poor,"Evidence of carrying out awareness raising activities e_g_ minutes kept, attendance sheet, newsletters, articles or equivalent",,,,,,,,,,,,,,
humanRights,civilAndPoliticalRights,2_6_1_0,Organisations human rights policy in place covers the following civil and political rights:,0,2,0,,,,,,,,,,,,,,,,,
humanRights,civilAndPoliticalRights,2_6_1_1, Freedom of opinion and expression;,1,2,1,Yes / No,4 - Very good / 0 - Very poor,Human Rights policy / Code of conduct or equivalent,,,,,,,,,,,,,,
humanRights,civilAndPoliticalRights,2_6_1_2, Freedom of peaceful assembly and of association;,2,2,1,Yes / No,4 - Very good / 0 - Very poor,Human Rights policy / Code of conduct or equivalent,,,,,,,,,,,,,,
humanRights,civilAndPoliticalRights,2_6_1_3," Freedom to seek, receive and impart information and ideas through any means, regardless of national borders;",3,2,1,Yes / No,4 - Very good / 0 - Very poor,Human Rights policy / Code of conduct or equivalent,,,,,,,,,,,,,,
humanRights,civilAndPoliticalRights,2_6_1_4," The right to own property, alone or in association with others, and freedom from being arbitrarily deprived of property;",4,2,1,Yes / No,4 - Very good / 0 - Very poor,Human Rights policy / Code of conduct or equivalent,,,,,,,,,,,,,,
humanRights,civilAndPoliticalRights,2_6_1_5, access to due process and The right to a Fair hearing before any internal disciplinary measure is taken,5,2,1,Yes / No,4 - Very good / 0 - Very poor,Human Rights policy / Code of conduct or equivalent,,,,,,,,,,,,,,
humanRights,civilAndPoliticalRights,2_6_1_6, right to education,6,2,1,Yes / No,4 - Very good / 0 - Very poor,Human Rights policy / Code of conduct or equivalent,,,,,,,,,,,,,,
humanRights,civilAndPoliticalRights,2_6_1_7,– Right to life,7,2,1,Yes / No,4 - Very good / 0 - Very poor,Human Rights policy / Code of conduct or equivalent,,,,,,,,,,,,,,
humanRights,civilAndPoliticalRights,2_6_1_8,"– Right to a life with dignity,",8,2,1,Yes / No,4 - Very good / 0 - Very poor,Human Rights policy / Code of conduct or equivalent,,,,,,,,,,,,,,
humanRights,civilAndPoliticalRights,2_6_1_9,"– Right to freedom from torture,",9,2,1,Yes / No,4 - Very good / 0 - Very poor,Human Rights policy / Code of conduct or equivalent,,,,,,,,,,,,,,
humanRights,civilAndPoliticalRights,2_6_1_10,– The right to security of person,10,2,1,Yes / No,4 - Very good / 0 - Very poor,Human Rights policy / Code of conduct or equivalent,,,,,,,,,,,,,,
humanRights,civilAndPoliticalRights,2_6_1_11,"– The right to own property,",11,2,1,Yes / No,4 - Very good / 0 - Very poor,Human Rights policy / Code of conduct or equivalent,,,,,,,,,,,,,,
humanRights,civilAndPoliticalRights,2_6_1_12,– Liberty and integrity of the person,12,2,1,Yes / No,4 - Very good / 0 - Very poor,Human Rights policy / Code of conduct or equivalent,,,,,,,,,,,,,,
humanRights,civilAndPoliticalRights,2_6_1_13,– Right to due process of law and a fair hearing when facing criminal charges,13,2,1,Yes / No,4 - Very good / 0 - Very poor,Human Rights policy / Code of conduct or equivalent,,,,,,,,,,,,,,
humanRights,civilAndPoliticalRights,2_6_1_14,"– Freedom to adopt and practise a religion,",14,2,1,Yes / No,4 - Very good / 0 - Very poor,Human Rights policy / Code of conduct or equivalent,,,,,,,,,,,,,,
humanRights,civilAndPoliticalRights,2_6_1_15,"– Freedom to hold beliefs,",15,2,1,Yes / No,4 - Very good / 0 - Very poor,Human Rights policy / Code of conduct or equivalent,,,,,,,,,,,,,,
humanRights,civilAndPoliticalRights,2_6_1_16,"– Freedom from arbitrary interference with privacy, family, home or correspondence,",16,2,1,Yes / No,4 - Very good / 0 - Very poor,Human Rights policy / Code of conduct or equivalent,,,,,,,,,,,,,,
humanRights,civilAndPoliticalRights,2_6_1_17,– Freedom from attacks on honour or reputation,17,2,1,Yes / No,4 - Very good / 0 - Very poor,Human Rights policy / Code of conduct or equivalent,,,,,,,,,,,,,,
humanRights,civilAndPoliticalRights,2_6_1_18,– Right of access to public services,18,2,1,Yes / No,4 - Very good / 0 - Very poor,Human Rights policy / Code of conduct or equivalent,,,,,,,,,,,,,,
humanRights,civilAndPoliticalRights,2_6_1_19,– Right to take part in elections,19,2,1,Yes / No,4 - Very good / 0 - Very poor,Human Rights policy / Code of conduct or equivalent,,,,,,,,,,,,,,
humanRights,civilAndPoliticalRights,2_6_2,Organisation records civil or political rights violations,20,0,1,Yes / No,4 - Very good / 0 - Very poor,Record of civil or political rights violationincident(s) or equivalent,,,,,,,,,,,,,,
humanRights,civilAndPoliticalRights,2_6_3,Organisation carries out activities for promoting proactive human rights protection,21,0,1,Yes / No,4 - Very good / 0 - Very poor,"Evidence of carrying out these activities e_g_ minutes kept, attendance sheet, newsletters, articles, or equivalent",,,,,,,,,,,,,,
humanRights,economicSocialAndCulturalRights,2_7_1,Organisation provides education and training opportunities to employees and members of the community,0,0,1,Yes / No,4 - Very good / 0 - Very poor,"Evidence of carrying out these activities e_g_ minutes kept, attendance sheet, newsletters, articles, or equivalent",,,,,,,,,,,,,,
humanRights,economicSocialAndCulturalRights,2_7_2,Organisation provides basic needs / minimum wage,1,0,1,Yes / No,4 - Very good / 0 - Very poor,"Evidence of policy on providing basic needs / minimum wage e_g_ Terms of employment / Employee handbook, or equivalent",,,,,,,,,,,,,,
humanRights,economicSocialAndCulturalRights,2_7_3_0,Organisations human rights policy in place covers the following:,2,3,0,,,,,,,,,,,,,,,,,
humanRights,economicSocialAndCulturalRights,2_7_3_1, right to adequate housing,3,3,1,Yes / No,4 - Very good / 0 - Very poor,"Human Rights policy / Code of conduct, or equivalent",,,,,,,,,,,,,,
humanRights,economicSocialAndCulturalRights,2_7_3_2, right to highest attainable standard of physical and mental health,4,3,1,Yes / No,4 - Very good / 0 - Very poor,"Human Rights policy / Code of conduct, or equivalent",,,,,,,,,,,,,,
humanRights,economicSocialAndCulturalRights,2_7_3_3, Childrens right to education,5,3,1,Yes / No,4 - Very good / 0 - Very poor,"Human Rights policy / Code of conduct, or equivalent",,,,,,,,,,,,,,
humanRights,economicSocialAndCulturalRights,2_7_3_4, Childrens protection against removal from family/home/community for work purposes,6,3,1,Yes / No,4 - Very good / 0 - Very poor,"Human Rights policy / Code of conduct, or equivalent",,,,,,,,,,,,,,
humanRights,economicSocialAndCulturalRights,2_7_3_5," Consideration of economic, social and cultural Rights in The local context",7,3,1,Yes / No,4 - Very good / 0 - Very poor,"Human Rights policy / Code of conduct, or equivalent",,,,,,,,,,,,,,
humanRights,economicSocialAndCulturalRights,2_7_3_6, education,8,3,1,Yes / No,4 - Very good / 0 - Very poor,"Human Rights policy / Code of conduct, or equivalent",,,,,,,,,,,,,,
humanRights,economicSocialAndCulturalRights,2_7_3_7, Work in just and favourable conditions,9,3,1,Yes / No,4 - Very good / 0 - Very poor,"Human Rights policy / Code of conduct, or equivalent",,,,,,,,,,,,,,
humanRights,economicSocialAndCulturalRights,2_7_3_8, Freedom of association,10,3,1,Yes / No,4 - Very good / 0 - Very poor,"Human Rights policy / Code of conduct, or equivalent",,,,,,,,,,,,,,
humanRights,economicSocialAndCulturalRights,2_7_3_9, an adequate standard of health,11,3,1,Yes / No,4 - Very good / 0 - Very poor,"Human Rights policy / Code of conduct, or equivalent",,,,,,,,,,,,,,
humanRights,economicSocialAndCulturalRights,2_7_3_10, a standard of living adequate for The physical and mental health and wellbeing of himself or herself and his or her family,12,3,1,Yes / No,4 - Very good / 0 - Very poor,"Human Rights policy / Code of conduct, or equivalent",,,,,,,,,,,,,,
humanRights,economicSocialAndCulturalRights,2_7_3_11," Food, clothing, housing, medical care",13,3,1,Yes / No,4 - Very good / 0 - Very poor,"Human Rights policy / Code of conduct, or equivalent",,,,,,,,,,,,,,
humanRights,economicSocialAndCulturalRights,2_7_3_12," necessary social protection, such as security in The event of unemployment, sickness, disability, death of spouse, old age or other lack of livelihood in circumstances beyond his or her control",14,3,1,Yes / No,4 - Very good / 0 - Very poor,"Human Rights policy / Code of conduct, or equivalent",,,,,,,,,,,,,,
humanRights,economicSocialAndCulturalRights,2_7_3_13, The practice of a religion and culture,15,3,1,Yes / No,4 - Very good / 0 - Very poor,"Human Rights policy / Code of conduct, or equivalent",,,,,,,,,,,,,,
humanRights,economicSocialAndCulturalRights,2_7_3_14, Genuine opportunities to participate without Discrimination in decision making that supports positive Practices and discourages negative Practices in relation to these Rights,16,3,1,Yes / No,4 - Very good / 0 - Very poor,"Human Rights policy / Code of conduct, or equivalent",,,,,,,,,,,,,,
humanRights,economicSocialAndCulturalRights,2_7_4,"Organisation’s due diligence process includes ensuring that it does not engage in activities that infringe, obstruct or impede the enjoyment of economic, social and cultural rights of its employees, partners, customers, stakeholders, members and anyone else with whom it has contact or on whom it can have an impact",17,0,1,Yes / No,4 - Very good / 0 - Very poor,"Example of human rights due diligence process, or equivalent",,,,,,,,,,,,,,
humanRights,economicSocialAndCulturalRights,2_7_5,"Organization assesses the possible impacts of its decisions, activities, products and services, as well as new projects, on economic, social and cultural rights, including the rights of the local population",18,0,1,Yes / No,4 - Very good / 0 - Very poor,"Evidence of impact assessment on economic, social and cultural rights, or equivalent",,,,,,,,,,,,,,
humanRights,economicSocialAndCulturalRights,2_7_6,"Organisation does neither directly nor indirectly limit or deny access to an essential product or resource, such as water to its employees, partners, customers, stakeholders, members and anyone else with whom it has contact or on whom it can have an impact",19,0,1,Yes / No,4 - Very good / 0 - Very poor,"Policy on provision of essential products or resources, or equivalent",,,,,,,,,,,,,,
humanRights,economicSocialAndCulturalRights,2_7_7,Organisation has specific policies to ensure efficient distribution of essential goods and services where distribution is endangered,20,0,1,Yes / No,4 - Very good / 0 - Very poor,"Relevant evidence e_g_ policy on endangered distribution of essential goods and services, or equivalent",,,,,,,,,,,,,,
humanRights,economicSocialAndCulturalRights,2_7_8,Organisation has process(es) in place for adapting goods or services to the purchasing ability of poor people,21,0,1,Yes / No,4 - Very good / 0 - Very poor,"Evidence of process for adaptation of goods and services to purchasing ability of poor people e_g_ assessment/report, or equivalent",,,,,,,,,,,,,,
humanRights,fundamentalPrinciplesAndRightsAtWork,2_8_1,Organisation has procedures in place for assessing the impact of policies and activities on human rights,0,0,1,Yes / No,4 - Very good / 0 - Very poor,"Assessment report on human rights impact, or equivalent",,,,,,,,,,,,,,
humanRights,fundamentalPrinciplesAndRightsAtWork,2_8_2,Organisation takes positive actions to provide for the protection and advancement of vulnerable groups,1,0,1,Yes / No,4 - Very good / 0 - Very poor,"Relevant evidence e_g_ actions, events, announcements, policies, etc, or equivalent",,,,,,,,,,,,,,
laborPractices,employmentAndEmploymentRelationships,3_1_1,"Organisation provides equal opportunities for all workers in labour practices regardless of race, colour, gender, sexual orientation age, language, property, nationality or national origin, religion, ethnic or social origin, caste, economic grounds, disability, pregnancy, belonging to an indigenous people, trade union affiliation, political affiliation or political or other opinion, marital or family status, personal relationships and health status e_g_ HIV/AIDS status, descent, including caste",0,0,1,Yes / No,4 - Very good / 0 - Very poor,"Terms of employment, Human Rights policy, or equivalent",,,,,,,,,,,,,,
laborPractices,employmentAndEmploymentRelationships,3_1_2,Organisation discloses data on gender salary gap,1,0,1,Yes / No,4 - Very good / 0 - Very poor,"Evidence of disclosure e_g_ annual report, non-financial report, announcement, website, etc_, or equivalent",,,,,,,,,,,,,,
laborPractices,employmentAndEmploymentRelationships,3_1_3,Organisation has a discrimination and harassment policy in place,2,0,1,Yes / No,4 - Very good / 0 - Very poor,Discrimination and harassment policy or equivalent,,,,,,,,,,,,,,
laborPractices,employmentAndEmploymentRelationships,3_1_4_0,"Organisation has legally binding contracts in place with all of its employees, contractors, subcontractors, suppliers, and other partners",3,4,0,,,,,,,,,,,,,,,,,
laborPractices,employmentAndEmploymentRelationships,3_1_4_1, employees,4,4,1,Yes / No,4 - Very good / 0 - Very poor,Example of a relevant contract or equivalent,,,,,,,,,,,,,,
laborPractices,employmentAndEmploymentRelationships,3_1_4_2, contractors,5,4,1,Yes / No,4 - Very good / 0 - Very poor,Example of a relevant contract or equivalent,,,,,,,,,,,,,,
laborPractices,employmentAndEmploymentRelationships,3_1_4_3, subcontractors,6,4,1,Yes / No,4 - Very good / 0 - Very poor,Example of a relevant contract or equivalent,,,,,,,,,,,,,,
laborPractices,employmentAndEmploymentRelationships,3_1_4_4, suppliers,7,4,1,Yes / No,4 - Very good / 0 - Very poor,Example of a relevant contract or equivalent,,,,,,,,,,,,,,
laborPractices,employmentAndEmploymentRelationships,3_1_4_5, other partners,8,4,1,Yes / No,4 - Very good / 0 - Very poor,Example of a relevant contract or equivalent,,,,,,,,,,,,,,
laborPractices,employmentAndEmploymentRelationships,3_1_5,"Organisation actively provides fulltime employment as opposed to shortterm, seasonal or parttime employment, where applicable",9,0,1,Yes / No,4 - Very good / 0 - Very poor,Relevant evidence of promoting full-time employment or equivalent,,,,,,,,,,,,,,
laborPractices,employmentAndEmploymentRelationships,3_1_6,Organisation provides reasonable notice and timely information to its stakeholders when implementing changes to its operations that affect employment e_g_ closures,10,0,1,Yes / No,4 - Very good / 0 - Very poor,"Relevant evidence,  e_g_ example of communication to stakeholders about operation change(s) that affect employment, or equivalent",,,,,,,,,,,,,,
laborPractices,employmentAndEmploymentRelationships,3_1_7,"Organisation works jointly with worker representatives, where applicable, to mitigate adverse impacts to its employees which are the result of changes to its operations",11,0,1,Yes / No,4 - Very good / 0 - Very poor,"Evidence of cooperation with worker representatives e_g_ meeting minutes, event announcement, attendance sheet, agenda, etc_",,,,,,,,,,,,,,
laborPractices,employmentAndEmploymentRelationships,3_1_8,Organisation protects the personal data and privacy of its workers,12,0,1,Yes / No,4 - Very good / 0 - Very poor,"Evidence of personal data protection practices e_g_ policy, or equivalent",,,,,,,,,,,,,,
laborPractices,employmentAndEmploymentRelationships,3_1_9,"Organisation only contracts or subcontracts work to organisations that are legally recognised as an employer, are legally compliant with all relevant labour legislation and which provide decent working conditions",13,0,1,Yes / No,4 - Very good / 0 - Very poor,Contractor / Sub-contractor policy / code of conduct or equivalent,,,,,,,,,,,,,,
laborPractices,employmentAndEmploymentRelationships,3_1_10,"Organisation does not benefit from unfair, exploitative or abusive labour practices of its partners, suppliers or subcontractors, including home workers",14,0,1,Yes / No,4 - Very good / 0 - Very poor,"Evidence of complicity assessment process, report or equivalent",,,,,,,,,,,,,,
laborPractices,employmentAndEmploymentRelationships,3_1_11,Organisation exercises due diligence when supervising contractors and intermediaries in regards to labour practices,15,0,1,Yes / No,4 - Very good / 0 - Very poor,Evidence of contractor and intermediary supervision due diligence procedure e_g_chechlist or equivalent,,,,,,,,,,,,,,
laborPractices,employmentAndEmploymentRelationships,3_1_12,"Organisation makes unannounced visits and inspections to its subcontractors, contractors, suppliers and partners",16,0,1,Yes / No,4 - Very good / 0 - Very poor,Evidence of value chain inspection e_g_ Inspection report,,,,,,,,,,,,,,
laborPractices,employmentAndEmploymentRelationships,3_1_13,"Organisation sources and distributes natural, human and financial resources, and goods and services through local enterprises in its countries of operation, where practicable",17,0,1,Yes / No,4 - Very good / 0 - Very poor,Evidence of stating preference to local enterprises e_g_ procurement policy or equivalent,,,,,,,,,,,,,,
laborPractices,employmentAndEmploymentRelationships,3_1_14,Organisation has policy in place for fair treatment and dispute resolution,18,0,1,Yes / No,4 - Very good / 0 - Very poor,"Employee Handbook, Code of conduct, other HR policy, or equivalent",,,,,,,,,,,,,,
laborPractices,employmentAndEmploymentRelationships,3_1_15,Organisation does not practice arbitrary or discriminatory disciplinary practices,19,0,1,Yes / No,4 - Very good / 0 - Very poor,"Terms of employment, Employee Handbook, Code of conduct, or equivalent",,,,,,,,,,,,,,
laborPractices,employmentAndEmploymentRelationships,3_1_16,Organisation does not practice arbitrary or discriminatory dismissal practices,20,0,1,Yes / No,4 - Very good / 0 - Very poor,"Terms of employment, Employee Handbook, Code of conduct, or equivalent",,,,,,,,,,,,,,
laborPractices,conditionsOfWorkAndSocialProtection,3_2_1,"Organisation is compliant with local, national, regional and international labour laws and regulations that apply to it",0,0,1,Yes / No,4 - Very good / 0 - Very poor,"Evidence of compliance e_g_ certificate, compliance report or equivalent",,,,,,,,,,,,,,
laborPractices,conditionsOfWorkAndSocialProtection,3_2_2,"Organisation is compliant with local, national, regional and international ILO conventions and collective agreements",1,0,1,Yes / No,4 - Very good / 0 - Very poor,"Evidence of compliance e_g_ certificate, compliance report or equivalent",,,,,,,,,,,,,,
laborPractices,conditionsOfWorkAndSocialProtection,3_2_3,Organisation promotes working conditions in its supply chain,2,0,1,Yes / No,4 - Very good / 0 - Very poor,"Evidence of carrying out promotion activities e_g_ minutes kept, attendance sheet, newsletters, articles, agenda, procurement policy, or equivalent",,,,,,,,,,,,,,
laborPractices,conditionsOfWorkAndSocialProtection,3_2_4,Organisation supports and promotes employment of migrant labour,3,0,1,Yes / No,4 - Very good / 0 - Very poor,"Evidence of employment of migrant labour, employment policy, or equivalent",,,,,,,,,,,,,,
laborPractices,conditionsOfWorkAndSocialProtection,3_2_5,Organisation does not make use of forced labour,4,0,1,Yes / No,4 - Very good / 0 - Very poor,"Evidence e_g_ human rights policy, code of conduct, or equivalent",,,,,,,,,,,,,,
laborPractices,conditionsOfWorkAndSocialProtection,3_2_6,"Organisation promotes employees worklife balance (e_g_ flexible working hours, does not promote the excessive use of overtime)",5,0,1,Yes / No,4 - Very good / 0 - Very poor,"Evidence of carrying out promotion activities e_g_ minutes kept, attendance sheet, newsletters, articles, or equivalent",,,,,,,,,,,,,,
laborPractices,conditionsOfWorkAndSocialProtection,3_2_7,Orgnisation has policy in place for addressing employees recreation rights,6,0,1,Yes / No,4 - Very good / 0 - Very poor,"Terms of employment, Employee Handbook, Code of conduct, or equivalent",,,,,,,,,,,,,,
laborPractices,conditionsOfWorkAndSocialProtection,3_2_8,"Organisation has policy in place outlining conditions for providing compensation to its employees in case of employment injury, illness, maternity, parenthood, old age, unemployment, disability or financial hardship",7,0,1,Yes / No,4 - Very good / 0 - Very poor,"Terms of employment, Employee Handbook, Code of conduct, or equivalent",,,,,,,,,,,,,,
laborPractices,conditionsOfWorkAndSocialProtection,3_2_9,Organisation provides its employees adequate access to information,8,0,1,Yes / No,4 - Very good / 0 - Very poor,"Evidence of central information system e_g_ intranet, website, or equivalent",,,,,,,,,,,,,,
laborPractices,conditionsOfWorkAndSocialProtection,3_2_10,Organisation provides social protection for workers in accordance with national legislation,9,0,1,Yes / No,4 - Very good / 0 - Very poor,"Terms of employment, Employee Handbook, Code of conduct, or equivalent",,,,,,,,,,,,,,
laborPractices,conditionsOfWorkAndSocialProtection,3_2_11,"Organisation provides reasonable working hours, weekly rest and paid annual leave",10,0,1,Yes / No,4 - Very good / 0 - Very poor,"Terms of employment, Employee Handbook, Code of conduct, or equivalent",,,,,,,,,,,,,,
laborPractices,conditionsOfWorkAndSocialProtection,3_2_12,"Organisation provides reasonable and favourable overtime rates in accordance with laws, regulations or collective agreements e_g_ Overtime rates; Normal hourly rate;",11,0,1,Yes / No,4 - Very good / 0 - Very poor,"Terms of employment, Employee Handbook, Code of conduct, Employment contract",,,,,,,,,,,,,,
laborPractices,conditionsOfWorkAndSocialProtection,3_2_13,Organisation complies with legislation prohibiting mandatory and noncompensated overtime,12,0,1,Yes / No,4 - Very good / 0 - Very poor,"Evidence of compliance e_g_ certificate, compliance report, or equivalent",,,,,,,,,,,,,,
laborPractices,conditionsOfWorkAndSocialProtection,3_2_14,"Organisation has policy in place providing for adequate maternity, paternity and parenting protection",13,0,1,No / Yes - what is required by law / Yes - over and above what is required by law,0 - Very poor / 2 - Acceptable / 4 - Very good,"Terms of employment, Employee Handbook, Code of conduct, or equivalent",,,,,,,,,,,,,,
laborPractices,conditionsOfWorkAndSocialProtection,3_2_15,Organisation provides wages and other forms of remuneration to its employees in accordance with laws or collective agreements,14,0,1,Yes / No,4 - Very good / 0 - Very poor,"Anonymised payslips, employment contract, or equivalent",,,,,,,,,,,,,,
laborPractices,conditionsOfWorkAndSocialProtection,3_2_16,Organisation has health benefits program(s) in place,15,0,1,Yes / No,4 - Very good / 0 - Very poor,"Medical scheme for employees / Benefits policy, or equivalent",,,,,,,,,,,,,,
laborPractices,conditionsOfWorkAndSocialProtection,3_2_17,Organisation has policy on exercising reasonable and fair recruitment conditions,16,0,1,Yes / No,4 - Very good / 0 - Very poor,"Terms of employment, Employee Handbook, Code of conduct, Recruitment policy, or equivalent",,,,,,,,,,,,,,
laborPractices,conditionsOfWorkAndSocialProtection,3_2_18,Occurrence of mobbing and sexual harassment incidents within the organisation,17,0,1,Yes / No,0 - Very poor / 4 - Very good,"Evidence of record keeping e_g_ sexual harassment report, or equivalent",,,Top management,Remaining management,Non-management,,,,,,,,,
laborPractices,conditionsOfWorkAndSocialProtection,3_2_19,Organisation provides equal pay for work of equal value accounting for eliminating discrimination on all grounds,18,0,2,"Average hourly salary for male employees (avg_male) and average hourly salary for female employees (avg_female) [At top management / management / workforce level - 33%/33%/33% weight respectively]

Visual example and Formula given on the right --->","Salary gap ((average male salary - average female salary)/average male salary): >60% / 60-41% / 40-21% / 20-1% / 0%
0 - Very poor / 1 - Poor / 2 - Acceptable / 3 - Good / 4 - Very good","Evidence of statistics for gender salary gap, or equivalent",,Average hourly salary for male employees,30,20,13,,,,,,,,,
laborPractices,conditionsOfWorkAndSocialProtection,3_2_20,Organisation pays wages directly to the workers concerned,19,0,1,Yes / No,4 - Very good / 0 - Very poor,Bank payment statement or equivalent,,Average hourly salary for female employees,25,15,10,,,,,,,,,
laborPractices,conditionsOfWorkAndSocialProtection,3_2_21,"Organisation does not restrict or deduct wages beyond what is permitted by laws, regulations and collective agreements",20,0,1,Yes / No,4 - Very good / 0 - Very poor,"Anonymised pay slips, or equivalent",,Wage gap at each level,20%,33%,30%,,,,,,,,,
laborPractices,conditionsOfWorkAndSocialProtection,3_2_22_1,Organisation provides benefits to employees that include:,21,0,1,Yes / No,4 - Very good / 0 - Very poor,"Terms of employment, Employee Handbook, Code of conduct, or equivalent",,Overall wage gap,28%,,,,,,,,,,,
laborPractices,conditionsOfWorkAndSocialProtection,3_2_22_2, Profit and fund scheme,22,0,1,Yes / No,4 - Very good / 0 - Very poor,"Terms of employment, Employee Handbook, Code of conduct, or equivalent",,,,,,,,,,,,,,
laborPractices,conditionsOfWorkAndSocialProtection,3_2_22_3, Private pension scheme,23,0,1,Yes / No,4 - Very good / 0 - Very poor,"Terms of employment, Employee Handbook, Code of conduct, or equivalent",,,,,,,,,,,,,,
laborPractices,conditionsOfWorkAndSocialProtection,3_2_22_4, Income protection,24,0,1,Yes / No,4 - Very good / 0 - Very poor,"Terms of employment, Employee Handbook, Code of conduct, or equivalent",,,,,,,,,,,,,,
laborPractices,conditionsOfWorkAndSocialProtection,3_2_22_5, medical care,25,0,1,Yes / No,4 - Very good / 0 - Very poor,"Terms of employment, Employee Handbook, Code of conduct, or equivalent",,,,,,,,,,,,,,
laborPractices,conditionsOfWorkAndSocialProtection,3_2_22_6, Paid sick leave,26,0,1,Yes / No,4 - Very good / 0 - Very poor,"Terms of employment, Employee Handbook, Code of conduct, or equivalent",,,,,,,,,,,,,,
laborPractices,conditionsOfWorkAndSocialProtection,3_2_22_7, Accident cover,27,0,1,Yes / No,4 - Very good / 0 - Very poor,"Terms of employment, Employee Handbook, Code of conduct, or equivalent",,,,,,,,,,,,,,
laborPractices,conditionsOfWorkAndSocialProtection,3_2_22_8, Life insurance,28,0,1,Yes / No,4 - Very good / 0 - Very poor,"Terms of employment, Employee Handbook, Code of conduct, or equivalent",,,,,,,,,,,,,,
laborPractices,conditionsOfWorkAndSocialProtection,3_2_22_9, Childcare,29,0,1,Yes / No,4 - Very good / 0 - Very poor,"Terms of employment, Employee Handbook, Code of conduct, or equivalent",,,,,,,,,,,,,,
laborPractices,conditionsOfWorkAndSocialProtection,3_2_23,Organisation observes national or religious traditions and customs,30,0,1,Yes / No,4 - Very good / 0 - Very poor,"Relevant evidence e_g_ documentation or photos of prayer room, or equivalent",,,,,,,,,,,,,,
laborPractices,socialDialogue,3_3_1,Organisation facilitates employee meetings including the allowance of reasonable time to participate in union affairs,0,0,1,Yes / No,4 - Very good / 0 - Very poor,"Terms of employment, Employee Handbook, Code of conduct, or equivalent",,,,,,,,,,,,,,
laborPractices,socialDialogue,3_3_2,"Organisation adopts framework agreements, supplemented by local organisation level agreements, in accordance with national law or practice",1,0,1,Yes / No,4 - Very good / 0 - Very poor,"Example of adopted framework agreement, or equivalent",,,,,,,,,,,,,,
laborPractices,socialDialogue,3_3_3,"Organisation facilitates different forms of social dialogue internally, including councils and collective bargaining, where applicable",2,0,1,Yes / No,4 - Very good / 0 - Very poor,"Evidence of facilitation of social dialogue e_g_ meeting notes, or equivalent",,,,,,,,,,,,,,
laborPractices,socialDialogue,3_3_4,Organisation utilises the results and findings of its social dialogue mechanisms when designing skills development programmes for its employees,3,0,1,Yes / No,4 - Very good / 0 - Very poor,"Relevant evidence e_g_ example of skills development program design process, or equivalent",,,,,,,,,,,,,,
laborPractices,socialDialogue,3_3_5,Organisation provides reasonable notice to the appropriate government authorities and representatives of the workers when changes in operations may have major employment impacts,4,0,1,Yes / No,4 - Very good / 0 - Very poor,"Evidence of communication to government authorities or worker representatives on operations changes, or equivalent",,,,,,,,,,,,,,
laborPractices,socialDialogue,3_3_6,"Organisation appoints worker representatives with access to authorised decision makers, workplaces, workers they represent, facilities necessary to perform their role and to information that will allow them to have a true and fair picture of the organisations finances and activities",5,0,1,Yes / No,4 - Very good / 0 - Very poor,"Document demonstrating the roles & responsibilities of appointed worker representative, or equivalent",,,,,,,,,,,,,,
laborPractices,socialDialogue,3_3_7,Organisation practices due diligence and assesses whether its own or partners operations will or do not take place in regions where internationally recognised rights of freedom of association and collective bargaining are restricted_,6,0,1,Yes / No,4 - Very good / 0 - Very poor,Relevant evidence e_g_ procurement policy or equivalent,,,,,,,,,,,,,,
laborPractices,socialDialogue,3_3_8,Organisation is transparent when communicating the social conditions of subcontractors,7,0,1,Yes / No,4 - Very good / 0 - Very poor,"Example of communication on social conditions of subcontractors, or equivalent",,,,,,,,,,,,,,
laborPractices,socialDialogue,3_3_9,"Organisation has grievance and complaints mechanisms in place, to include sub contractors, contractors, suppliers and other partners",8,0,1,Yes / No,4 - Very good / 0 - Very poor,Example grievance policy or form or equivalent,,,,,,,,,,,,,,
laborPractices,socialDialogue,3_3_10,Organisation participates in employers organisations as a means of creating opportunities for social dialogue and extending their expression of social responsibility through such channels,9,0,1,Yes / No,4 - Very good / 0 - Very poor,"Evidence of carrying out these activities e_g_ minutes kept, attendance sheet, newsletters, articles, or equivalent",,,,,,,,,,,,,,
laborPractices,healthAndSafetyAtWork,3_4_1,"Organisation has an occupational health and safety policy in place which addresses fulltime, parttime, temporary and subcontracted workers_",0,0,1,Yes / No,4 - Very good / 0 - Very poor,"Health & Safety Policy, Terms of employment, Employee Handbook, Code of conduct, or equivalent",,,,,,,,,,,,,,
laborPractices,healthAndSafetyAtWork,3_4_2,"Organisations health and safety policy addresses how occupational safety and health (OSH) risks differently affect the various worker groups e_g_ women (such as those who are pregnant, have recently given brith or are breastfeeding) and men, or workers in particular circumstances such as people with disabilities, inexperienced or younger workers;",1,0,1,Yes / No,4 - Very good / 0 - Very poor,"Health & Safety Policy, Terms of employment, Employee Handbook, Code of conduct, or equivalent",,,,,,,,,,,,,,
laborPractices,healthAndSafetyAtWork,3_4_3,Organisation records and investigates health and safety incidents,2,0,1,Yes / No,4 - Very good / 0 - Very poor,"Accident/casualty logbook, relevant work-relate section in sick leave record, or equivalent",,,,,,,,,,,,,,
laborPractices,healthAndSafetyAtWork,3_4_4,Organisation promotes health and safety in its supply chain activities including outsourcing practices,3,0,1,Yes / No,4 - Very good / 0 - Very poor,"Supplier Code of Conduct, supplier responsibility standards, supplier guidelines, or equivalent",,,,,,,,,,,,,,
laborPractices,healthAndSafetyAtWork,3_4_5,Organisation provides adequate training in health and safety,4,0,1,Yes / No,4 - Very good / 0 - Very poor,"Training attendance sheet, Training curriculum/agenda, or equivalent",,,,,,,,,,,,,,
laborPractices,healthAndSafetyAtWork,3_4_6,Organisation carries out programs to raise awareness and preserve health and safety,5,0,1,Yes / No,4 - Very good / 0 - Very poor,"Evidence of carrying out these programs e_g_ minutes kept, attendance sheet, newsletters, articles, or equivalent",,,,,,,,,,,,,,
laborPractices,healthAndSafetyAtWork,3_4_7,"Organisation provides, at no cost for workers, adequate protective and safety equipment for work and for dealing with emergencies, for fulltime, parttime, temporary and subcontracted workers_",6,0,1,Yes / No,4 - Very good / 0 - Very poor,"Order / Invoice of safety equipment_]; Logbook for assigning equipment to members of staff e_g_ photos, or equivalent",,,,,,,,,,,,,,
laborPractices,healthAndSafetyAtWork,3_4_8_1,"Organisation implements, at no cost for workers, health and safety standard(s) or guideline(s) addressing the following:",7,5,1,Yes / No,4 - Very good / 0 - Very poor,"Relevant evidence e_g_ Picture of equipment, inspection note, Certificate, or equivalent",,,,,,,,,,,,,,
laborPractices,healthAndSafetyAtWork,3_4_8_2, Fire protection equipment,8,5,1,Yes / No,4 - Very good / 0 - Very poor,"Relevant evidence e_g_ Picture of equipment, inspection note, Certificate, or equivalent",,,,,,,,,,,,,,
laborPractices,healthAndSafetyAtWork,3_4_8_3, security signalisation and colours,9,5,1,Yes / No,4 - Very good / 0 - Very poor,"Relevant evidence e_g_ Picture of equipment, inspection note, Certificate, or equivalent",,,,,,,,,,,,,,
laborPractices,healthAndSafetyAtWork,3_4_8_4, security labeling,10,5,1,Yes / No,4 - Very good / 0 - Very poor,"Relevant evidence e_g_ Picture of equipment, inspection note, Certificate, or equivalent",,,,,,,,,,,,,,
laborPractices,healthAndSafetyAtWork,3_4_8_5, Contingency plans,11,5,1,Yes / No,4 - Very good / 0 - Very poor,"Relevant evidence e_g_ Picture of equipment, inspection note, Certificate, or equivalent",,,,,,,,,,,,,,
laborPractices,healthAndSafetyAtWork,3_4_8_6, medical assistance and control,12,5,1,Yes / No,4 - Very good / 0 - Very poor,"Relevant evidence e_g_ Picture of equipment, inspection note, Certificate, or equivalent",,,,,,,,,,,,,,
laborPractices,healthAndSafetyAtWork,3_4_8_7, Sanitary necessities,13,5,1,Yes / No,4 - Very good / 0 - Very poor,"Relevant evidence e_g_ Picture of equipment, inspection note, Certificate, or equivalent",,,,,,,,,,,,,,
laborPractices,healthAndSafetyAtWork,3_4_9_0,Organisation follows established security practices that respect workers rights to:,14,6,0,,,,,,,,,,,,,,,,,
laborPractices,healthAndSafetyAtWork,3_4_9_1," obtain timely, full and accurate information concerning health and safety risks and the best practices used to address these risks;",15,6,1,Yes / No,4 - Very good / 0 - Very poor,Security policy or equivalent,,,,,,,,,,,,,,
laborPractices,healthAndSafetyAtWork,3_4_9_2, freely inquire into and be consulted on all aspects of their health and safety related to their work;,16,6,1,Yes / No,4 - Very good / 0 - Very poor,Security policy or equivalent,,,,,,,,,,,,,,
laborPractices,healthAndSafetyAtWork,3_4_9_3, refuse work that is reasonably considered to pose an imminent or serious danger to their life or health or to the lives and health of others;,17,6,1,Yes / No,4 - Very good / 0 - Very poor,Security policy or equivalent,,,,,,,,,,,,,,
laborPractices,healthAndSafetyAtWork,3_4_9_4, seek outside advice from workers and employers organizations and others who have expertise;,18,6,1,Yes / No,4 - Very good / 0 - Very poor,Security policy or equivalent,,,,,,,,,,,,,,
laborPractices,healthAndSafetyAtWork,3_4_9_5, report health and safety matters to the appropriate authorities;,19,6,1,Yes / No,4 - Very good / 0 - Very poor,Security policy or equivalent,,,,,,,,,,,,,,
laborPractices,healthAndSafetyAtWork,3_4_9_6," participate in health and safety decisions and activities, including investigation of incidents and accidents",20,6,1,Yes / No,4 - Very good / 0 - Very poor,Security policy or equivalent,,,,,,,,,,,,,,
laborPractices,healthAndSafetyAtWork,3_4_9_7, be free of The threat of reprisals for doing any of these things,21,6,1,Yes / No,4 - Very good / 0 - Very poor,Security policy or equivalent,,,,,,,,,,,,,,
laborPractices,healthAndSafetyAtWork,3_4_10,"Organisations occupational health and safety policy addresses the elimination of psychosocial hazards in the workplace, which contribute or lead to stress and illness;",22,0,1,Yes / No,4 - Very good / 0 - Very poor,"Health & Safety Policy, Terms of employment, Employee Handbook, Code of conduct, or equivalent",,,,,,,,,,,,,,
laborPractices,healthAndSafetyAtWork,3_4_11,"Organisation communicates in an accessible manner e_g_ multiple languages, all mandatory or best practice heath and safety working practices",23,0,1,Yes / No,4 - Very good / 0 - Very poor,Evidence of communication in the workplace or equivalent,,,,,,,,,,,,,,
laborPractices,healthAndSafetyAtWork,3_4_12,Organisation cooperates with public inspection and labor administration authorities,24,0,1,Yes / No,4 - Very good / 0 - Very poor,Inspection form issued by relevant authority or equivalent,,,,,,,,,,,,,,
laborPractices,healthAndSafetyAtWork,3_4_13,Organisation practices health and safety management in accordance to internationally recognised best practices,25,0,1,Yes / No,4 - Very good / 0 - Very poor,"Certification/Verification or other evidence of health and safety management, or equivalent",,,,,,,,,,,,,,
laborPractices,healthAndSafetyAtWork,3_4_14,Organisation identifies and assesses occupational health and safety risks,26,0,1,Yes / No,4 - Very good / 0 - Very poor,"Example of occupational health and safety risk assessment report, or equivalent",,,,,,,,,,,,,,
laborPractices,healthAndSafetyAtWork,3_4_15,Organisation manages and mitigates identified occupational health and safety risks,27,0,1,Yes / No,4 - Very good / 0 - Very poor,"Example of follow-up action taken, or equivalent",,,,,,,,,,,,,,
laborPractices,healthAndSafetyAtWork,3_4_16,Organisation takes into account occupational health and safety risk assessment results in decisionmaking,28,0,1,Yes / No,4 - Very good / 0 - Very poor,"Evidence of including health and safety risk assessment results in decision-making e_g_ report, follow-up actions, etc_ or equivalent",,,,,,,,,,,,,,
laborPractices,healthAndSafetyAtWork,3_4_17,Organisation practices internal correction procedures through investigations and corrective actions,29,0,1,Yes / No,4 - Very good / 0 - Very poor,"Evidence of investigation and corresponding actions set and/or taken, or equivalent",,,,,,,,,,,,,,
laborPractices,humanDevelopmentAndTrainingInTheWorkplace,3_5_1_0,"Organisation provides programs for relevant skills development on an equal and nondiscriminatory basis, in the form of:",0,7,0,,,,,,,,,,,,,,,,,
laborPractices,humanDevelopmentAndTrainingInTheWorkplace,3_5_1_1, appenticeships,1,7,1,Yes / No,4 - Very good / 0 - Very poor,"Training attendance sheet, training curriculum/agenda, or equivalent",,,,,,,,,,,,,,
laborPractices,humanDevelopmentAndTrainingInTheWorkplace,3_5_1_2, training,2,7,1,Yes / No,4 - Very good / 0 - Very poor,"Training attendance sheet, training curriculum/agenda, or equivalent",,,,,,,,,,,,,,
laborPractices,humanDevelopmentAndTrainingInTheWorkplace,3_5_1_3, seminars,3,7,1,Yes / No,4 - Very good / 0 - Very poor,"Training attendance sheet, training curriculum/agenda, or equivalent",,,,,,,,,,,,,,
laborPractices,humanDevelopmentAndTrainingInTheWorkplace,3_5_1_4, Professional qualifications,4,7,1,Yes / No,4 - Very good / 0 - Very poor,"Training attendance sheet, training curriculum/agenda, or equivalent",,,,,,,,,,,,,,
laborPractices,humanDevelopmentAndTrainingInTheWorkplace,3_5_1_5, Internships,5,7,1,Yes / No,4 - Very good / 0 - Very poor,"Training attendance sheet, training curriculum/agenda, or equivalent",,,,,,,,,,,,,,
laborPractices,humanDevelopmentAndTrainingInTheWorkplace,3_5_1_6, other relevant capacity building in The form of experiences and competency Development,6,7,1,Yes / No,4 - Very good / 0 - Very poor,"Training attendance sheet, training curriculum/agenda, or equivalent",,,,,,,,,,,,,,
laborPractices,humanDevelopmentAndTrainingInTheWorkplace,3_5_2,Organisation has clear and transparent processes in place for promotions,7,0,1,Yes / No,4 - Very good / 0 - Very poor,"Terms of employment, Employee Handbook, Code of conduct, or equivalent",,,,,,,,,,,,,,
laborPractices,humanDevelopmentAndTrainingInTheWorkplace,3_5_3,Organisation has procedure in place for assessing training needs of the workforce,8,0,1,Yes / No,4 - Very good / 0 - Very poor,"Request form, specific request case and official response, training needs assessment, or equivalent",,,,,,,,,,,,,,
laborPractices,humanDevelopmentAndTrainingInTheWorkplace,3_5_4,Organisation carries out joint labourmanagement programmes that promote health and wellbeing,9,0,1,Yes / No,4 - Very good / 0 - Very poor,"Evidence of carrying out labour-management program e_g_ minutes, announcements, publications etc_, or equivalent",,,,,,,,,,,,,,
laborPractices,humanDevelopmentAndTrainingInTheWorkplace,3_5_5,"Organisation supports workers being made redundant to access assistance for new employment, training and counselling",10,0,1,Yes / No,4 - Very good / 0 - Very poor,"Evidence or relevant support e_g_ recommendations/assistance letter, training, counselling, or equivalent ",,,,,,,,,,,,,,
theEnvironment,preventionOfPollution,4_1_1,Organisation has environmental policy / code of conduct in place,0,0,1,Yes / No,4 - Very good / 0 - Very poor,"Environmental policy, Internationally recognised environmental management standard e_g_ ISO14001 or equivalent",,,,,,,,,,,,,,
theEnvironment,preventionOfPollution,4_1_2,Organisation identifies and documents the aspects and impacts of its activities on the surrounding environment,1,0,1,Yes / No,4 - Very good / 0 - Very poor,"Relevant documentation, Environmental Impact Assessement/Report, Internationally recognised environmental management standard e_g_ ISO14001 or equivalent",,,,,,,,,,,,,,
theEnvironment,preventionOfPollution,4_1_3,Organisation identifies and documents the sources of pollution and waste related to its activities,2,0,1,Yes / No,4 - Very good / 0 - Very poor,"Relevant documentation, Environmental Impact Assessment/Report, Internationally recognised environmental management standard e_g_ ISO14001 or equivalent",,,,,,,,,,,,,,
theEnvironment,preventionOfPollution,4_1_4_0,Organisation:,3,8,0,,,,,,,,,,,,,,,,,
theEnvironment,preventionOfPollution,4_1_4_1, measures,4,8,1,Yes / No,4 - Very good / 0 - Very poor,"Relevant documentation, Environmnetal Impact Report, Internationally recognised environmental management standard e_g_ ISO14001 or equivalent",,,,,,,,,,,,,,
theEnvironment,preventionOfPollution,4_1_4_2, records,5,8,1,Yes / No,4 - Very good / 0 - Very poor,"Relevant documentation, Environmnetal Impact Report, Internationally recognised environmental management standard e_g_ ISO14001 or equivalent",,,,,,,,,,,,,,
theEnvironment,preventionOfPollution,4_1_4_3, reports internally and externally,6,8,1,Yes / No,4 - Very good / 0 - Very poor,"Relevant documentation, Environmnetal Impact Report, Internationally recognised environmental management standard e_g_ ISO14001 or equivalent",,,,,,,,,,,,,,
theEnvironment,preventionOfPollution,4_1_4_5,"on its significant sources and reduction of pollution, water consumption, waste generation and energy consumption",7,8,0,,,,,,,,,,,,,,,,,
theEnvironment,preventionOfPollution,4_1_5,"Organisation implements measures for preventing pollution and waste using the waste management hierarchy of prevent, reduce, reuse, recycle",8,0,1,Yes / No,4 - Very good / 0 - Very poor,"Relevant evidence or documentation, Internationally recognised environmental management standard e_g_ ISO14001 or equivalent",,,,,,,,,,,,,,
theEnvironment,preventionOfPollution,4_1_6,Organisation properly manages the pollution and waste it generates,9,0,1,Yes / No,4 - Very good / 0 - Very poor,"Relevant evidence or documentation on environmental/waste management processes (e_g_ contract with waste management facilities, photos or specific policies/procedures), Internationally recognised environmental management standard e_g_ ISO14001 or equivalent",,,,,,,,,,,,,,
theEnvironment,preventionOfPollution,4_1_7,"Organisation engages with local communities regarding actual and potential polluting emissions and waste, related health risks, and actual and proposed mitigation measures;",10,0,1,Yes / No,4 - Very good / 0 - Very poor,"Evidence of engagement with community on relevant subjects e_g_ communication, events, etc",,,,,,,,,,,,,,
theEnvironment,preventionOfPollution,4_1_8,Organisation implements measures to progressively reduce and minimize direct and indirect pollution within its sphere of influence,11,0,1,Yes / No,4 - Very good / 0 - Very poor,"Relevant evidence or documentation for measures taken, Internationally recognised environmental management standard e_g_ ISO14001 or equivalent",,,,,,,,,,,,,,
theEnvironment,preventionOfPollution,4_1_9,Organisation develops and promotes fast uptake of more environmentally friendly products and services;,12,0,1,Yes / No,4 - Very good / 0 - Very poor,"Relevant evidence or documentation e_g_ promotion of ecolabelling and adoption of standards related to environmental performance such as Blue Angel, FSC etc_ across value chain, or equivalent",,,,,,,,,,,,,,
theEnvironment,preventionOfPollution,4_1_10,"Organisation publicly discloses the amounts and types of relevant and significant toxic and hazardous materials used and released, including the known human health and environmental risks for normal operations and accidents",13,0,1,Yes / No,4 - Very good / 0 - Very poor,"Relevant evidence or documentation e_g_ disclosure, report, article, or equivalent",,,,,,,,,,,,,,
theEnvironment,preventionOfPollution,4_1_11_0,Organisation systematically identifies and avoids the use of:,14,9,0,,,,,,,,,,,,,,,,,
theEnvironment,preventionOfPollution,4_1_11_1,   banned chemicals defined by national law or of unwanted chemicals listed in international conventions,15,9,1,Yes / No,4 - Very good / 0 - Very poor,Relevant evidence or documentation which indicate that the organisation follows a process which identifies and avoids the use of such chemicals,,,,,,,,,,,,,,
theEnvironment,preventionOfPollution,4_1_11_2,"   where possible, chemicals identified by scientific bodies or any other stakeholder with reasonable and verifiable grounds as being of concern_",16,9,1,Yes / No,4 - Very good / 0 - Very poor,Relevant evidence or documentation which indicate that the organisation follows a process which identifies and avoids the use of such chemicals,,,,,,,,,,,,,,
theEnvironment,preventionOfPollution,4_1_12,Organisation seeks to prevent use of such chemicals by organisations within its sphere of influence_,17,0,1,Yes / No,4 - Very good / 0 - Very poor,"Relevant evidence or documentation, Procurement Policy (Environmental criteria) or equivalent",,,,,,,,,,,,,,
theEnvironment,preventionOfPollution,4_1_13_1,Organisation  implements an environmental accident prevention and preparedness programme that includes:,18,10,1,Yes / No,4 - Very good / 0 - Very poor,"Relevant evidence or documentation, Internationally recognised environmental management standard e_g_ ISO14001 or equivalent",,,,,,,,,,,,,,
theEnvironment,preventionOfPollution,4_1_13_2, hazard identification,19,10,1,Yes / No,4 - Very good / 0 - Very poor,"Relevant evidence or documentation, Internationally recognised environmental management standard e_g_ ISO14001 or equivalent",,,,,,,,,,,,,,
theEnvironment,preventionOfPollution,4_1_13_3, risk evaluation,20,10,1,Yes / No,4 - Very good / 0 - Very poor,"Relevant evidence or documentation, Internationally recognised environmental management standard e_g_ ISO14001 or equivalent",,,,,,,,,,,,,,
theEnvironment,preventionOfPollution,4_1_13_4, notification procedures,21,10,1,Yes / No,4 - Very good / 0 - Very poor,"Relevant evidence or documentation, Internationally recognised environmental management standard e_g_ ISO14001 or equivalent",,,,,,,,,,,,,,
theEnvironment,preventionOfPollution,4_1_13_5, recall procedures,22,10,1,Yes / No,4 - Very good / 0 - Very poor,"Relevant evidence or documentation, Internationally recognised environmental management standard e_g_ ISO14001 or equivalent",,,,,,,,,,,,,,
theEnvironment,preventionOfPollution,4_1_13_6, communication systems,23,10,1,Yes / No,4 - Very good / 0 - Very poor,"Relevant evidence or documentation, Internationally recognised environmental management standard e_g_ ISO14001 or equivalent",,,,,,,,,,,,,,
theEnvironment,preventionOfPollution,4_1_13_7, public education and information,24,10,1,Yes / No,4 - Very good / 0 - Very poor,"Relevant evidence or documentation, Internationally recognised environmental management standard e_g_ ISO14001 or equivalent",,,,,,,,,,,,,,
theEnvironment,preventionOfPollution,4_1_14,"Organisation prepares an emergency plan covering accidents and incidents both on and offsite and involving workers, partners, authorities, local communities and other relevant stakeholders_ ",25,0,1,Yes / No,4 - Very good / 0 - Very poor,"Relevant evidence or documentation, Emergency Plan/Procedure, Internationally recognised environmental management standard e_g_ ISO14001 or equivalent",,,,,,,,,,,,,,
theEnvironment,preventionOfPollution,4_1_15,Organisation is compliant with all relevant environmental legislation pertaining to pollution,26,0,1,Yes / No,4 - Very good / 0 - Very poor,"Evidence of compliance e_g_ certificate, compliance report, or equivalent",,,,,,,,,,,,,,
theEnvironment,preventionOfPollution,4_1_16,Organisation implements and maintains a locally or internationally recognised environmental management system,27,0,1,Yes / No,4 - Very good / 0 - Very poor,"Environmental policy, Relevant Certification,  Internationally recognised environmental management standard e_g_ ISO14001 or equivalent",,,,,,,,,,,,,,
theEnvironment,preventionOfPollution,4_1_17,"Organisation adopts voluntary charters, codes of conduct, and best practice internally to reach responsible environmental performance",28,0,1,Yes / No,4 - Very good / 0 - Very poor,"Evidence of internal environmental policies, initiatives, communication, practices etc_ that indicate efforts to reach responsible environmental performance and prevent pollution, beyond what is legally required",,,,,,,,,,,,,,
theEnvironment,sustainableResourceUse,4_2_1,"Organisation identifies the sources of energy, water and other resources used in relation to all its activities",0,0,1,Yes / No,4 - Very good / 0 - Very poor,"Environental Impact Assessment, Environmental Performance Report, or equivalent",,,,,,,,,,,,,,
theEnvironment,sustainableResourceUse,4_2_2_0,Organisation:,1,11,0,,,,,,,,,,,,,,,,,
theEnvironment,sustainableResourceUse,4_2_2_1, measures,2,11,1,Yes / No,4 - Very good / 0 - Very poor,"Environental Impact Assessment, Environmental Performance Report, or equivalent",,,,,,,,,,,,,,
theEnvironment,sustainableResourceUse,4_2_2_2, records,3,11,1,Yes / No,4 - Very good / 0 - Very poor,"Environental Impact Assessment, Environmental Performance Report, or equivalent",,,,,,,,,,,,,,
theEnvironment,sustainableResourceUse,4_2_2_3, reports internally and externally,4,11,1,Yes / No,4 - Very good / 0 - Very poor,"Environental Impact Assessment, Environmental Performance Report, or equivalent",,,,,,,,,,,,,,
theEnvironment,sustainableResourceUse,4_2_2_4,"on its significant uses of energy, water and other resources in relation to all its activities",5,11,0,,,,,,,,,,,,,,,,,
theEnvironment,sustainableResourceUse,4_2_3,"Organisation implements resource efficiency measures to reduce its use of energy, water and other resources in relation to all its activities",6,0,1,Yes / No,4 - Very good / 0 - Very poor,"Evidence of resource efficiency measure implementation e_g_ adoption of green technologies, energy efficiency measures, water consumption reduction measures, adoption of resource efficiency indicators in order to monitor performance etc_, or equivalent",,,,,,,,,,,,,,
theEnvironment,sustainableResourceUse,4_2_4,"Organisation complements or replaces nonrenewable resources where possible with alternative sustainable, renewable and lowimpact sources in relation to all its activities",7,0,1,Yes / No,4 - Very good / 0 - Very poor,Relevant evidence or documentation (e_g_ photos),,,,,,,,,,,,,,
theEnvironment,sustainableResourceUse,4_2_5,Organisation uses recycled materials and reuses water as much as possible,8,0,1,Yes / No,4 - Very good / 0 - Very poor,"Relevant evidence or documentation e_g_ Environmental impact report, or equivalent",,,,,,,,,,,,,,
theEnvironment,sustainableResourceUse,4_2_6,Organisation manages water resources to ensure fair access for all users within a watershed,9,0,1,Yes / No,4 - Very good / 0 - Very poor,"Relevant evidence or documentation e_g_ Water Management Strategy, Certificate of environmental management system  (e_g_ ISO 14001), or equivalent",,,,,,,,,,,,,,
theEnvironment,sustainableResourceUse,4_2_7,Organisation promotes environmentally sustainable procurement,10,0,1,Yes / No,4 - Very good / 0 - Very poor,"Environmental procurement criteria, Documents indicating other methods of promoting sustainability across the supply chain, or equivalent",,,,,,,,,,,,,,
theEnvironment,sustainableResourceUse,4_2_8,Organisation adopts extended producer responsibility,11,0,1,Yes / No,4 - Very good / 0 - Very poor,"Evidence of adopting extend producer responsibility practices, or equivalent",,,,,,,,,,,,,,
theEnvironment,sustainableResourceUse,4_2_9,Organisation promotes sustainable consumption,12,0,1,Yes / No,4 - Very good / 0 - Very poor,"Evidence of promoting sustainable consumption internally and/or externally e_g_ awareness campaigns, communication of relevant best practices and guidelines, adoption of sustainable consumption or equivalent",,,,,,,,,,,,,,
theEnvironment,sustainableResourceUse,4_2_10,"Organisation implements ecodesign, lifecycle approaches for its products and services",13,0,1,Yes / No,4 - Very good / 0 - Very poor,"Life-cycle assessment for products/services, Evidence of design features that have been incorporated to enhance eco-friendliness (e_g_ ecolabelling and adoption of standards related to environmental performance such as Blue Angel, FSC etc_ across value chain) or equivalent",,,,,,,,,,,,,,
theEnvironment,climateChangeMitigationAndAdaptation,4_3_1,Organisation identifies the sources of direct and indirect accumulated GHG emissions related to all its activities and defines the boundaries (scope) of its responsibility,0,0,1,Yes / No,4 - Very good / 0 - Very poor,Environmental impact assessment/report or equivalent,,,,,,,,,,,,,,
theEnvironment,climateChangeMitigationAndAdaptation,4_3_2_0,Organisation:,1,12,0,,,,,,,,,,,,,,,,,
theEnvironment,climateChangeMitigationAndAdaptation,4_3_2_1, measures,2,12,1,Yes / No,4 - Very good / 0 - Very poor,Environmental impact assessment/report or equivalent,,,,,,,,,,,,,,
theEnvironment,climateChangeMitigationAndAdaptation,4_3_2_2, records,3,12,1,Yes / No,4 - Very good / 0 - Very poor,Environmental impact assessment/report or equivalent,,,,,,,,,,,,,,
theEnvironment,climateChangeMitigationAndAdaptation,4_3_2_3, reports internally and externally,4,12,1,Yes / No,4 - Very good / 0 - Very poor,Environmental impact assessment/report or equivalent,,,,,,,,,,,,,,
theEnvironment,climateChangeMitigationAndAdaptation,4_3_2_4,"on its significant GHG emissions related ot all its activities, preferably using methods well defined in internationally agreed standards",5,12,0,,,,,,,,,,,,,,,,,
theEnvironment,climateChangeMitigationAndAdaptation,4_3_3,Organisation implements optimized measures to progressively reduce and minimize the direct and indirect GHG emissions within its control,6,0,1,Yes / No,4 - Very good / 0 - Very poor,"Relevant evidence or documentation, e_g_ Environmental policy, progress on relevant performance indicators or equivalent",,,,,,,,,,,,,,
theEnvironment,climateChangeMitigationAndAdaptation,4_3_4,Organisation encourages similar actions within its sphere of influence ,7,0,1,Yes / No,4 - Very good / 0 - Very poor,"Relevant evidence or documentation e_g_ Environmental policy, Procurement Policy, or equivalent",,,,,,,,,,,,,,
theEnvironment,climateChangeMitigationAndAdaptation,4_3_5,"Organisation reviews the quantity and type of significant fuels usage, as a result of its activities",8,0,1,Yes / No,4 - Very good / 0 - Very poor,"Environmental impact assessment/report, Environmental Policy/Strategy, or equivalent",,,,,,,,,,,,,,
theEnvironment,climateChangeMitigationAndAdaptation,4_3_6,Organisation implements programmes to improve efficiency and effectiveness of its activities using a life cycle approach_,9,0,1,Yes / No,4 - Very good / 0 - Very poor,"Life-cycle assessment performed for products/services/activities/manufacturing methods and relevant actions, or equivalent",,,,,,,,,,,,,,
theEnvironment,climateChangeMitigationAndAdaptation,4_3_7,"Organisation prevents or reduces the release of GHG emissions (particularly those also causing ozone depletion) from land use and land use change, processes or equipment, including but not limited to heating, ventilation and air conditioning units",10,0,1,Yes / No,4 - Very good / 0 - Very poor,"Environmental Policy, Environmental impact assessment/report, or equivalent",,,,,,,,,,,,,,
theEnvironment,climateChangeMitigationAndAdaptation,4_3_8,Organisation achieves energy savings wherever possible from its activities via purchasing of energy efficient goods and development of energy efficient products and services,11,0,1,Yes / No,4 - Very good / 0 - Very poor,"Relevant evidence or documentation e_g_ Environmental policy, Environmental Performance Report, or equivalent",,,,,,,,,,,,,,
theEnvironment,climateChangeMitigationAndAdaptation,4_3_9,Organisation aims for carbon neutrality by implementing measures to offset remaining GHG emissions related to its activities,12,0,1,Yes / No,4 - Very good / 0 - Very poor,"Relevant evidence or documentation e_g Relevant Carbon Offsetting Certification, or equivalent",,,,,,,,,,,,,,
theEnvironment,climateChangeMitigationAndAdaptation,4_3_10,Organisation identifies relevant climate change risks,13,0,1,Yes / No,4 - Very good / 0 - Very poor,"Environmental impact assessment/report, or equivalent",,,,,,,,,,,,,,
theEnvironment,climateChangeMitigationAndAdaptation,4_3_11,Organisation integrates relevant climate change risks into its decision making,14,0,1,Yes / No,4 - Very good / 0 - Very poor,"Relevant evidence or documentation e_g_ Environmental policy, Risk Assessments, Meeting Minutes, or equivalent",,,,,,,,,,,,,,
theEnvironment,climateChangeMitigationAndAdaptation,4_3_12,"Organisation identifies opportunities to avoid or minimize damage associated with climate change and where possible take advantage of opportunities, to adjust to changing conditions;",15,0,1,Yes / No,4 - Very good / 0 - Very poor,"Environmental impact assessment/report, meeting minutes, or equivalent",,,,,,,,,,,,,,
theEnvironment,climateChangeMitigationAndAdaptation,4_3_13,Organisation implements measures to respond to existing or anticipated climate change impacts,16,0,1,Yes / No,4 - Very good / 0 - Very poor,"Environmental Policy, Evidence of specific measures taken, Environmental Strategy, or equivalent",,,,,,,,,,,,,,
theEnvironment,climateChangeMitigationAndAdaptation,4_3_14,Organisation raises awareness and contributes to building capacity of stakeholders to adapt to climate change,17,0,1,Yes / No,4 - Very good / 0 - Very poor,"Evidence of awareness raising actions and capacity building across stakeholders, or equivalent",,,,,,,,,,,,,,
theEnvironment,climateChangeMitigationAndAdaptation,4_3_15,"Organisation reports on its environmental sustainability performance using global sustainability standards e_g_ GRI, UNGC, UN SDGs, ISO 26000",18,0,1,Yes / No,4 - Very good / 0 - Very poor,"Environmental Performance report or section on envrironmental sustainability performance within non-financial report, according to global sustainability standards, or equivalent",,,,,,,,,,,,,,
theEnvironment,ProtectionOfTheEnvironmentBiodiversityAndRestorationOfNaturalHabitats,4_4_1,Organisation identifies potential adverse impacts on biodiversity and ecosystem services related to all its activities,0,0,1,Yes / No,4 - Very good / 0 - Very poor,"Environmental impact assessment/report, or equivalent",,,,,,,,,,,,,,
theEnvironment,ProtectionOfTheEnvironmentBiodiversityAndRestorationOfNaturalHabitats,4_4_2,Organisation takes measures to eliminate or minimize impacts on biodiversity and ecosystem services related to all its activities,1,0,1,Yes / No,4 - Very good / 0 - Very poor,"Environmental impact assessment/report, Environmental Policy, Evidence of specific measures taken, Environmental Strategy, or equivalent",,,,,,,,,,,,,,
theEnvironment,ProtectionOfTheEnvironmentBiodiversityAndRestorationOfNaturalHabitats,4_4_3,Organisation participates in market mechanisms to internalise the cost of the environmental impacts related to all its activities and creates economic value in protecting ecosystem services,2,0,1,Yes / No,4 - Very good / 0 - Very poor,"Environmental Strategy or equivalent, Evidence of relevant actions taken, or equivalent",,,,,,,,,,,,,,
theEnvironment,ProtectionOfTheEnvironmentBiodiversityAndRestorationOfNaturalHabitats,4_4_4,"Organisation, through its activities, avoids the loss of natural ecosystems, followed by restoring ecosystems, and finally, if the former two actions are not possible or fully effective, to compensate for losses through actions that will lead to a net gain in ecosystem services over time",3,0,1,Yes / No,4 - Very good / 0 - Very poor,"Environmental Strategy or equivalent, Evidence of relevant actions taken, or equivalent",,,,,,,,,,,,,,
theEnvironment,ProtectionOfTheEnvironmentBiodiversityAndRestorationOfNaturalHabitats,4_4_5,"Organisation establishes and implements an integrated strategy for the administration of land, water and ecosystems that promotes conservation and sustainable use in a socially equitable way",4,0,1,Yes / No,4 - Very good / 0 - Very poor,Environmental Strategy/policy or equivalent,,,,,,,,,,,,,,
theEnvironment,ProtectionOfTheEnvironmentBiodiversityAndRestorationOfNaturalHabitats,4_4_6,"Organisation takes measures to preserve any endemic, threatened or endangered species or habitat that may be adversely affected",5,0,1,Yes / No,4 - Very good / 0 - Very poor,"Environmental Strategy or equivalent, Evidence of relevant measures taken, or equivalent",,,,,,,,,,,,,,
theEnvironment,ProtectionOfTheEnvironmentBiodiversityAndRestorationOfNaturalHabitats,4_4_7,"Organisation implements planning, design and operating practices as a way to minimize the possible environmental impacts resulting from its decisions on land use",6,0,1,Yes / No,4 - Very good / 0 - Very poor,Environmental Strategy/policy or equivalent,,,,,,,,,,,,,,
theEnvironment,ProtectionOfTheEnvironmentBiodiversityAndRestorationOfNaturalHabitats,4_4_8,"Organisation incorporates the protection of natural habitat, wetlands, forest, wildlife corridors, protected areas and agricultural lands into the development of buildings and construction works",7,0,1,Yes / No,4 - Very good / 0 - Very poor,"Environmental Strategy/policy or equivalent, Relevant evidence showing incorporation of these considerations towards construction works, or equivalent",,,,,,,,,,,,,,
theEnvironment,ProtectionOfTheEnvironmentBiodiversityAndRestorationOfNaturalHabitats,4_4_9,"Organisation adopts sustainable agricultural, fishing, and forestry practices including aspects related to animal welfare",8,0,1,Yes / No,4 - Very good / 0 - Very poor,"Environmental Strategy/policy or equivalent, relevant evidence showing adoption of sustainable agricultural, fishing, and forestry practices e_g_ Ecolabelling certification or relevant standard adoption such as MSC, FSC, Blue Angel, Organic Certification etc_, or equivalent",,,,,,,,,,,,,,
theEnvironment,ProtectionOfTheEnvironmentBiodiversityAndRestorationOfNaturalHabitats,4_4_10,Organisation progressively uses a greater proportion of products from suppliers using more sustainable technologies and processes,9,0,1,Yes / No,4 - Very good / 0 - Very poor,"Environmental impact assessment/report, Procurement Policy or equivalent",,,,,,,,,,,,,,
theEnvironment,ProtectionOfTheEnvironmentBiodiversityAndRestorationOfNaturalHabitats,4_4_11,"Organisation values and protects wild animals, their habitats and their welfare that are impacted by its activities",10,0,1,Yes / No,4 - Very good / 0 - Very poor,Environmental Strategy/policy or equivalent,,,,,,,,,,,,,,
theEnvironment,ProtectionOfTheEnvironmentBiodiversityAndRestorationOfNaturalHabitats,4_4_12,"Organisation avoids approaches that threaten the survival or lead to the global, regional or local extinction of species or that allow the distribution or proliferation of invasive species",11,0,1,Yes / No,4 - Very good / 0 - Very poor,Environmental Strategy/policy or equivalent,,,,,,,,,,,,,,
fairOperatingPractices,antiCorruption,5_1_1,Organisation includes anticorruption criteria in its procurement policy or equivalent,0,0,1,Yes / No,4 - Very good / 0 - Very poor,"Procurement policy for suppliers, contractors, sub-contractors, etc_ or equivalent ",,,,,,,,,,,,,,
fairOperatingPractices,antiCorruption,5_1_2_1,Organisation has an anticorruption and antiextortion policy for external use in place that covers:,1,13,1,Yes / No,4 - Very good / 0 - Very poor,Anti-corruption and anti-extortion policy or equivalent,,,,,,,,,,,,,,
fairOperatingPractices,antiCorruption,5_1_2_2," training on bribery, corruption and extortion",2,13,1,Yes / No,4 - Very good / 0 - Very poor,Anti-corruption and anti-extortion policy or equivalent,,,,,,,,,,,,,,
fairOperatingPractices,antiCorruption,5_1_2_3, appropriate remuneration of employees and representatives and legitimacy of expected services,3,13,1,Yes / No,4 - Very good / 0 - Very poor,Anti-corruption and anti-extortion policy or equivalent,,,,,,,,,,,,,,
fairOperatingPractices,antiCorruption,5_1_2_4, unethical and unfair treatment,4,13,1,Yes / No,4 - Very good / 0 - Very poor,Anti-corruption and anti-extortion policy or equivalent,,,,,,,,,,,,,,
fairOperatingPractices,antiCorruption,5_1_2_5, unethical and unfair interaction with external bodies,5,13,1,Yes / No,4 - Very good / 0 - Very poor,Anti-corruption and anti-extortion policy or equivalent,,,,,,,,,,,,,,
fairOperatingPractices,antiCorruption,5_1_2_6, violations of The criminal law,6,13,1,Yes / No,4 - Very good / 0 - Very poor,Anti-corruption and anti-extortion policy or equivalent,,,,,,,,,,,,,,
fairOperatingPractices,antiCorruption,5_1_2_7, incidence reporting and followup action to be expected without fear of reprisal,7,13,1,Yes / No,4 - Very good / 0 - Very poor,Anti-corruption and anti-extortion policy or equivalent,,,,,,,,,,,,,,
fairOperatingPractices,antiCorruption,5_1_3_1,Organisation has an anticorruption and antiextortion policy for internal use in place that covers:,8,13,1,Yes / No,4 - Very good / 0 - Very poor,Anti-corruption and anti-extortion policy or equivalent,,,,,,,,,,,,,,
fairOperatingPractices,antiCorruption,5_1_3_2," training on bribery, corruption and extortion",9,13,1,Yes / No,4 - Very good / 0 - Very poor,Anti-corruption and anti-extortion policy or equivalent,,,,,,,,,,,,,,
fairOperatingPractices,antiCorruption,5_1_3_3, appropriate remuneration of employees and representatives and legitimacy of expected services,10,13,1,Yes / No,4 - Very good / 0 - Very poor,Anti-corruption and anti-extortion policy or equivalent,,,,,,,,,,,,,,
fairOperatingPractices,antiCorruption,5_1_3_4, unethical and unfair treatment,11,13,1,Yes / No,4 - Very good / 0 - Very poor,Anti-corruption and anti-extortion policy or equivalent,,,,,,,,,,,,,,
fairOperatingPractices,antiCorruption,5_1_3_5, unethical and unfair interaction with external bodies,12,13,1,Yes / No,4 - Very good / 0 - Very poor,Anti-corruption and anti-extortion policy or equivalent,,,,,,,,,,,,,,
fairOperatingPractices,antiCorruption,5_1_3_6, violations of The criminal law,13,13,1,Yes / No,4 - Very good / 0 - Very poor,Anti-corruption and anti-extortion policy or equivalent,,,,,,,,,,,,,,
fairOperatingPractices,antiCorruption,5_1_3_7, incidence reporting and followup action to be expected without fear of reprisal,14,13,1,Yes / No,4 - Very good / 0 - Very poor,Anti-corruption and anti-extortion policy or equivalent,,,,,,,,,,,,,,
fairOperatingPractices,antiCorruption,5_1_4,Organisation exercises fair contracting,15,0,1,Yes / No,4 - Very good / 0 - Very poor,"Anonymised contracts or templates of contracts with suppliers or customers, or equivalent",,,,,,,,,,,,,,
fairOperatingPractices,antiCorruption,5_1_5,Organisation implements and maintains effective system to counter corruption and to implement its anticorruption and antiextortion policy e_g_ internationally recognised standards on corruption such as ISO 37001 on antibribery,16,0,1,Yes / No,4 - Very good / 0 - Very poor,"Evidence of anti-corrpution system or other relevant documentation e_g_ ISO 37001, or equivalent",,,,,,,,,,,,,,
fairOperatingPractices,antiCorruption,5_1_6,Organisation identifies and assesses corruption and extortion risks,17,0,1,Yes / No,4 - Very good / 0 - Very poor,Relevant evidence e_g_ corruption and extortion risk assessment or equivalent,,,,,,,,,,,,,,
fairOperatingPractices,antiCorruption,5_1_7,Organisation manages and mitigates identified corruption and extortion risks,18,0,1,Yes / No,4 - Very good / 0 - Very poor,Relevant evidence e_g_ corruption and extortion risk assessment or equivalent,,,,,,,,,,,,,,
fairOperatingPractices,antiCorruption,5_1_8,Organisation takes into account corruption and extortion risk assessment results in decisionmaking,19,0,1,Yes / No,4 - Very good / 0 - Very poor,"Evidence of including corruption and extortion risk assessment results in decision-making e_g_ report, follow-up actions, etc_ or equivalent",,,,,,,,,,,,,,
fairOperatingPractices,antiCorruption,5_1_9_0,Organisation has procedures/mechanisms in place for reporting violations of policies and unethical and unfair treatment to the organisation without fear of reprisal for:,20,14,0,,,,,,,,,,,,,,,,,
fairOperatingPractices,antiCorruption,5_1_9_1, Its employees,21,14,1,Yes / No,4 - Very good / 0 - Very poor,"Evidence of complaint and dispute resolution mechanism, policy or equivalent",,,,,,,,,,,,,,
fairOperatingPractices,antiCorruption,5_1_9_2, Its partners,22,14,1,Yes / No,4 - Very good / 0 - Very poor,"Evidence of complaint and dispute resolution mechanism, policy or equivalent",,,,,,,,,,,,,,
fairOperatingPractices,antiCorruption,5_1_9_3, Its representatives,23,14,1,Yes / No,4 - Very good / 0 - Very poor,"Evidence of complaint and dispute resolution mechanism, policy or equivalent",,,,,,,,,,,,,,
fairOperatingPractices,antiCorruption,5_1_9_4, Its suppliers,24,14,1,Yes / No,4 - Very good / 0 - Very poor,"Evidence of complaint and dispute resolution mechanism, policy or equivalent",,,,,,,,,,,,,,
fairOperatingPractices,antiCorruption,5_1_10,Organisation has procedures/mechanisms in place for reporting violations of the criminal law to the appropriate law enforcement authorities,25,0,1,Yes / No,4 - Very good / 0 - Very poor,Relevant evidence e_g_ criminal law violation authority report or equivalent,,,,,,,,,,,,,,
fairOperatingPractices,antiCorruption,5_1_11,"Organisation has procedures/mechanisms in place for fair and transparent reporting and followup action of reported violations, complaints and disputes",26,0,1,Yes / No,4 - Very good / 0 - Very poor,"Relevant evidence e_g_ violation, complaint and dispute report or equivalent",,,,,,,,,,,,,,
fairOperatingPractices,antiCorruption,5_1_12,Organisation offers appropriate remuneration to employees and representatives for legitimate services only,27,0,1,Yes / No,4 - Very good / 0 - Very poor,"Relevant evidence e_g_ employment contract, payslip, invoices or equivalent",,,,,,,,,,,,,,
fairOperatingPractices,antiCorruption,5_1_13,Organisation actively encourages stakeholders in its value chain to adopt similar anticorruption practices,28,0,1,Yes / No,4 - Very good / 0 - Very poor,"Relevant evidence e_g_ communication, events, meeting minutes, training with stakeholers on anti-corruption or equivalent",,,,,,,,,,,,,,
fairOperatingPractices,antiCorruption,5_1_14,"Organisation raises awareness of its employees, representatives, contractors and suppliers about corruption and how to counter it",29,0,1,Yes / No,4 - Very good / 0 - Very poor,"Relevant evidence e_g_ communication, events, meeting minutes, training with stakeholers on anti-corruption or equivalent",,,,,,,,,,,,,,
fairOperatingPractices,antiCorruption,5_1_15,Organisation provides training to its employees on how to deal with corruption and bribery,30,0,1,Yes / No,4 - Very good / 0 - Very poor,"Training attendance sheet, training curriculum/agenda, training plan or equivalent",,,,,,,,,,,,,,
fairOperatingPractices,responsiblePoliticalInvolvement,5_2_1_1,"Organisation has a Political Involvement policy in place for its employees
and representatives that covers:",0,15,1,Yes / No,4 - Very good / 0 - Very poor,Political involvement policy or equivalent,,,,,,,,,,,,,,
fairOperatingPractices,responsiblePoliticalInvolvement,5_2_1_2," training on responsible political Involvement, contributions and dealing with conflicts of interest",1,15,1,Yes / No,4 - Very good / 0 - Very poor,Political involvement policy or equivalent,,,,,,,,,,,,,,
fairOperatingPractices,responsiblePoliticalInvolvement,5_2_1_3, responsible and transparent lobbying,2,15,1,Yes / No,4 - Very good / 0 - Very poor,Political involvement policy or equivalent,,,,,,,,,,,,,,
fairOperatingPractices,responsiblePoliticalInvolvement,5_2_1_4," responsible and transparent contributions, that do not attempt to control or exert undue influence on politicians or policymakers in favour of specific causes",3,15,1,Yes / No,4 - Very good / 0 - Very poor,Political involvement policy or equivalent,,,,,,,,,,,,,,
fairOperatingPractices,responsiblePoliticalInvolvement,5_2_1_5, responsible and transparent political Involvement,4,15,1,Yes / No,4 - Very good / 0 - Very poor,Political involvement policy or equivalent,,,,,,,,,,,,,,
fairOperatingPractices,responsiblePoliticalInvolvement,5_2_1_6, guidelines to manage The activities of people retained to advocate on The organisation’s behalf,5,15,1,Yes / No,4 - Very good / 0 - Very poor,Political involvement policy or equivalent,,,,,,,,,,,,,,
fairOperatingPractices,responsiblePoliticalInvolvement,5_2_1_7," prohibition of activities that involve misinformation, misrepresentation, threat or compulsion",6,15,1,Yes / No,4 - Very good / 0 - Very poor,Political involvement policy or equivalent,,,,,,,,,,,,,,
fairOperatingPractices,responsiblePoliticalInvolvement,5_2_2,Organisation has policy in place for exercising responsible and transparent lobbying,7,0,1,Yes/No,4 - Very good / 0 - Very poor,Responsible/Ethical lobbying policy or equivalent,,,,,,,,,,,,,,
fairOperatingPractices,responsiblePoliticalInvolvement,5_2_3,"Organisation communicates internally and externally its policies and activities related to lobbying, political contributions and political involvement",8,0,1,Yes / No,4 - Very good / 0 - Very poor,"Relevant evidence e_g_ communication, website section, newsletter, events, meeting minutes, etc_ or equivalent",,,,,,,,,,,,,,
fairOperatingPractices,responsiblePoliticalInvolvement,5_2_4,Organisation does not make political contributions that attempt to control or exert undue influence on politicians or policymakers in favour of specific causes,9,0,2,Does not / Does,4 - Very good / 0 - Very poor,,,,,,,,,,,,,,,
fairOperatingPractices,responsiblePoliticalInvolvement,5_2_5,"Organisation prohibits activities that involve misinformation, misrepresentation, threat or compulsion",10,0,1,Yes / No,4 - Very good / 0 - Very poor,"Relevant evidence e_g_ policy, announcement, website section, etc_ or equivalent",,,,,,,,,,,,,,
fairOperatingPractices,responsiblePoliticalInvolvement,5_2_6_0,Organisation provides training to tis employees and representatives that cover:,11,16,0,,,,,,,,,,,,,,,,,
fairOperatingPractices,responsiblePoliticalInvolvement,5_2_6_1," how to practice responsible and transparent lobbying,",12,16,1,Yes / No,4 - Very good / 0 - Very poor,"Training attendance sheet, training curriculum/agenda, training plan or equivalent",,,,,,,,,,,,,,
fairOperatingPractices,responsiblePoliticalInvolvement,5_2_6_2, how to practice responsible and transparent political Involvement and contributions,13,16,1,Yes / No,4 - Very good / 0 - Very poor,"Training attendance sheet, training curriculum/agenda, training plan or equivalent",,,,,,,,,,,,,,
fairOperatingPractices,responsiblePoliticalInvolvement,5_2_6_3, how to deal with conflicts of interest,14,16,1,Yes / No,4 - Very good / 0 - Very poor,"Training attendance sheet, training curriculum/agenda, training plan or equivalent",,,,,,,,,,,,,,
fairOperatingPractices,fairCompetition,5_3_1_1,Organisation has a Procompetition policy in place that addresses the following:,0,17,1,Yes / No,4 - Very good / 0 - Very poor,Pro-competition policy or equivalent,,,,,,,,,,,,,,
fairOperatingPractices,fairCompetition,5_3_1_2," Procedures and other safeguards to prevent the organisation from engaging in or being complicit in:
 a) anticompetitive behaviour or abuse of monopolistic or dominant positions
 b) Price fixing / retail price maintenance
 c) Bid rigging / collusive tendering
 d) Aggressive/predatory pricing",1,17,1,Yes / No,4 - Very good / 0 - Very poor,Pro-competition policy or equivalent,,,,,,,,,,,,,,
fairOperatingPractices,fairCompetition,5_3_1_3, The importance of compliance with competition legislation and Fair competition,2,17,1,Yes / No,4 - Very good / 0 - Very poor,Pro-competition policy or equivalent,,,,,,,,,,,,,,
fairOperatingPractices,fairCompetition,5_3_1_4, The importance of cooperation with the appropriate authorities;,3,17,1,Yes / No,4 - Very good / 0 - Very poor,Pro-competition policy or equivalent,,,,,,,,,,,,,,
fairOperatingPractices,fairCompetition,5_3_1_5," Consideration of The social context in which The organisation operates and not taking advantage of social conditions, such as poverty, to achieve unfair competitive advantage",4,17,1,Yes / No,4 - Very good / 0 - Very poor,Pro-competition policy or equivalent,,,,,,,,,,,,,,
fairOperatingPractices,fairCompetition,5_3_1_6, Support of antitrust and antidumping Practices,5,17,1,Yes / No,4 - Very good / 0 - Very poor,Pro-competition policy or equivalent,,,,,,,,,,,,,,
fairOperatingPractices,fairCompetition,5_3_1_7, Support of public policies that encourage competition,6,17,1,Yes / No,4 - Very good / 0 - Very poor,Pro-competition policy or equivalent,,,,,,,,,,,,,,
fairOperatingPractices,fairCompetition,5_3_2,Organisation has procedures and other safeguards to prevent the organisation from engaging in or being complicit in anticompetitive behaviour,7,0,1,Yes / No,4 - Very good / 0 - Very poor,"Relevant evidence e_g_ pro-competition procedure, policy, etc_ or equivalent",,,,,,,,,,,,,,
fairOperatingPractices,fairCompetition,5_3_3,"Organisation is compliant with applicable competition laws and regulations, and cooperates with the appropriate competition authorities",8,0,1,Yes / No,4 - Very good / 0 - Very poor,"Evidence of compliance with competition authorities e_g_ certificate, report  or equivalent",,,,,,,,,,,,,,
fairOperatingPractices,fairCompetition,5_3_4,Organisation raises employee awareness on the importance of compliance with competition legislation and fair competition,9,0,1,Yes / No,4 - Very good / 0 - Very poor,"Relevant evidence e_g_ communication, events, meeting minutes, training with employees on pro-competition or equivalent",,,,,,,,,,,,,,
fairOperatingPractices,fairCompetition,5_3_5,Organisation provides training to its employees and representatives on the importance of compliance with competition legislation and fair competition;,10,0,1,Yes / No,4 - Very good / 0 - Very poor,"Training attendance sheet, training curriculum/agenda, training plan or equivalent",,,,,,,,,,,,,,
fairOperatingPractices,promotingSocialResponsibilityInTheValueChain,5_4_1_1,Organisation has procurement and subcontracting policies in place which include:,0,18,1,Yes / No,4 - Very good / 0 - Very poor,"Procurement policy e_g_ Supplier code of conduct, Sub-/Contractor code of conduct, Distributor code of conduct, etc_ or equivalent",,,,,,,,,,,,,,
fairOperatingPractices,promotingSocialResponsibilityInTheValueChain,5_4_1_2, Ethical criteria,1,18,1,Yes / No,4 - Very good / 0 - Very poor,"Procurement policy e_g_ Supplier code of conduct, Sub-/Contractor code of conduct, Distributor code of conduct, etc_ or equivalent",,,,,,,,,,,,,,
fairOperatingPractices,promotingSocialResponsibilityInTheValueChain,5_4_1_3, social criteria,2,18,1,Yes / No,4 - Very good / 0 - Very poor,"Procurement policy e_g_ Supplier code of conduct, Sub-/Contractor code of conduct, Distributor code of conduct, etc_ or equivalent",,,,,,,,,,,,,,
fairOperatingPractices,promotingSocialResponsibilityInTheValueChain,5_4_1_4, Human Rights criteria,3,18,1,Yes / No,4 - Very good / 0 - Very poor,"Procurement policy e_g_ Supplier code of conduct, Sub-/Contractor code of conduct, Distributor code of conduct, etc_ or equivalent",,,,,,,,,,,,,,
fairOperatingPractices,promotingSocialResponsibilityInTheValueChain,5_4_1_5, Environmental criteria,4,18,1,Yes / No,4 - Very good / 0 - Very poor,"Procurement policy e_g_ Supplier code of conduct, Sub-/Contractor code of conduct, Distributor code of conduct, etc_ or equivalent",,,,,,,,,,,,,,
fairOperatingPractices,promotingSocialResponsibilityInTheValueChain,5_4_1_6, health and safety criteria,5,18,1,Yes / No,4 - Very good / 0 - Very poor,"Procurement policy e_g_ Supplier code of conduct, Sub-/Contractor code of conduct, Distributor code of conduct, etc_ or equivalent",,,,,,,,,,,,,,
fairOperatingPractices,promotingSocialResponsibilityInTheValueChain,5_4_1_7, Sustainability (revise when matching exercise) criteria,6,18,1,Yes / No,4 - Very good / 0 - Very poor,"Procurement policy e_g_ Supplier code of conduct, Sub-/Contractor code of conduct, Distributor code of conduct, etc_ or equivalent",,,,,,,,,,,,,,
fairOperatingPractices,promotingSocialResponsibilityInTheValueChain,5_4_2,Organisation follows procedures to ensure its value chain maintains compliance with the organisations applicable valuechain policies,7,0,1,Yes / No,4 - Very good / 0 - Very poor,"Documented evidence of suppliers/contractors-subcontractors/distributors that comply e_g_ signing contracts with value-chain entities based on the corresponding value-chain policy; audit results, list, record, etc_ e_g_ or equivalent",,,,,,,,,,,,,,
fairOperatingPractices,promotingSocialResponsibilityInTheValueChain,5_4_3_0,Organisation promotes/raises awareness to its value chain on:,8,19,0,,,,,,,,,,,,,,,,,
fairOperatingPractices,promotingSocialResponsibilityInTheValueChain,5_4_3_1, Organisational Governance,9,19,1,Yes/No,4 - Very good / 0 - Very poor,"Evidence of carrying out these activities e_g_ events, minutes kept, attendance sheet, newsletters, articles, etc_, or equivalent",,,,,,,,,,,,,,
fairOperatingPractices,promotingSocialResponsibilityInTheValueChain,5_4_3_2, Human Rights,10,19,1,Yes/No,4 - Very good / 0 - Very poor,"Evidence of carrying out these activities e_g_ events, minutes kept, attendance sheet, newsletters, articles, etc_, or equivalent",,,,,,,,,,,,,,
fairOperatingPractices,promotingSocialResponsibilityInTheValueChain,5_4_3_3, Labour Practices,11,19,1,Yes/No,4 - Very good / 0 - Very poor,"Evidence of carrying out these activities e_g_ events, minutes kept, attendance sheet, newsletters, articles, etc_, or equivalent",,,,,,,,,,,,,,
fairOperatingPractices,promotingSocialResponsibilityInTheValueChain,5_4_3_4, The Environment,12,19,1,Yes/No,4 - Very good / 0 - Very poor,"Evidence of carrying out these activities e_g_ events, minutes kept, attendance sheet, newsletters, articles, etc_, or equivalent",,,,,,,,,,,,,,
fairOperatingPractices,promotingSocialResponsibilityInTheValueChain,5_4_3_5, Fair Operating Practices,13,19,1,Yes/No,4 - Very good / 0 - Very poor,"Evidence of carrying out these activities e_g_ events, minutes kept, attendance sheet, newsletters, articles, etc_, or equivalent",,,,,,,,,,,,,,
fairOperatingPractices,promotingSocialResponsibilityInTheValueChain,5_4_3_6, Consumer Issues,14,19,1,Yes/No,4 - Very good / 0 - Very poor,"Evidence of carrying out these activities e_g_ events, minutes kept, attendance sheet, newsletters, articles, etc_, or equivalent",,,,,,,,,,,,,,
fairOperatingPractices,promotingSocialResponsibilityInTheValueChain,5_4_3_7, Community Involvement and Development,15,19,1,Yes/No,4 - Very good / 0 - Very poor,"Evidence of carrying out these activities e_g_ events, minutes kept, attendance sheet, newsletters, articles, etc_, or equivalent",,,,,,,,,,,,,,
fairOperatingPractices,promotingSocialResponsibilityInTheValueChain,5_4_4,Organisation supports SMO (SME) to meet socially responsible objectives ,16,0,1,Yes/No,4 - Very good / 0 - Very poor,"Evidence of carrying out these activities e_g_ events, minutes kept, attendance sheet, newsletters, articles, etc_, or equivalent",,,,,,,,,,,,,,
fairOperatingPractices,promotingSocialResponsibilityInTheValueChain,5_4_5,Organisation carries out costbenefit analysis for valuechain implementation of socially responsible practices,17,0,1,Yes/No,4 - Very good / 0 - Very poor,"Relevant evidence e_g_ cost-benefit analysis of value-chain sustainability program, or equivalent",,,,,,,,,,,,,,
fairOperatingPractices,promotingSocialResponsibilityInTheValueChain,5_4_6,Organisations procurement and subcontracting policies take into account the findings of the costbenefit analysis of value chain implementation of socially responsible practices,18,0,1,Yes/No,4 - Very good / 0 - Very poor,"Example of a procurement policy e_g_ Supplier code of conduct, Sub-/Contractor code of conduct, Distributor code of conduct, etc_, or equivalent",,,,,,,,,,,,,,
fairOperatingPractices,promotingSocialResponsibilityInTheValueChain,5_4_7,Organisation enhances the capacity of organisations in the value chain to meet socially responsible objectives,19,0,1,Yes/No,4 - Very good / 0 - Very poor,"Evidence of carrying out these activities e_g_ events, minutes kept, attendance sheet, newsletters, articles, etc_, or equivalent",,,,,,,,,,,,,,
fairOperatingPractices,promotingSocialResponsibilityInTheValueChain,5_4_8,Organisation raises awareness to its consumers about principles and issues of social responsibility,20,0,1,Yes/No,4 - Very good / 0 - Very poor,"Evidence of carrying out these activities e_g_ events, minutes kept, attendance sheet, newsletters, articles, etc_, or equivalent",,,,,,,,,,,,,,
fairOperatingPractices,promotingSocialResponsibilityInTheValueChain,5_4_9,Organisation raises awareness to its employees about principles and issues of social responsibility,21,0,1,Yes/No,4 - Very good / 0 - Very poor,"Evidence of carrying out these activities e_g_ events, minutes kept, attendance sheet, newsletters, articles, etc_, or equivalent",,,,,,,,,,,,,,
fairOperatingPractices,respectForPropertyRights,5_5_1_1,Organisation has a Property rights policy in place that addresses the following:,0,20,1,Yes/No,4 - Very good / 0 - Very poor,Property rights policy or equivalent,,,,,,,,,,,,,,
fairOperatingPractices,respectForPropertyRights,5_5_1_2, Respect for physical and intellectual property Rights,1,20,1,Yes/No,4 - Very good / 0 - Very poor,Property rights policy or equivalent,,,,,,,,,,,,,,
fairOperatingPractices,respectForPropertyRights,5_5_1_3, Respect for traditional knowledge,2,20,1,Yes/No,4 - Very good / 0 - Very poor,Property rights policy or equivalent,,,,,,,,,,,,,,
fairOperatingPractices,respectForPropertyRights,5_5_1_4," Consideration of The expectations of society, Human Rights and basic needs of The individual when exercising and protecting Its intellectual and physical property Rights",3,20,1,Yes/No,4 - Very good / 0 - Very poor,Property rights policy or equivalent,,,,,,,,,,,,,,
fairOperatingPractices,respectForPropertyRights,5_5_2,Organisation provides training on the importance of physical and property rights and traditional knowledge,4,0,1,Yes/No,4 - Very good / 0 - Very poor,"Training attendance sheet, training curriculum/agenda, training plan, or equivalent",,,,,,,,,,,,,,
fairOperatingPractices,respectForPropertyRights,5_5_3,Organisation carries out investigation(s) to ensure it has lawful title permitting use or disposal of property,5,0,1,Yes/No,4 - Very good / 0 - Very poor,"Evidence of carrying out these activities e_g_ investigation report/verification/certification, or equivalent",,,,,,,,,,,,,,
fairOperatingPractices,respectForPropertyRights,5_5_4,"Organisation does not engage in activities that violate property rights, including misuse of a dominant position, counterfeiting and piracy",6,0,1,Yes/No,4 - Very good / 0 - Very poor,"Relevant evidence e_g_ policy, disclaimer, or equivalent",,,,,,,,,,,,,,
fairOperatingPractices,respectForPropertyRights,5_5_5,Organisation pays fair compensation for property that it acquires or uses,7,0,1,Yes/No,4 - Very good / 0 - Very poor,"Relevant evidence e_g_ compensation payment, etc_, or equivalent",,,,,,,,,,,,,,
consumerIssues,fairMarketingFactualAndUnbiasedInformati,6_1_0,"When communicating with consumers, the organisation:",0,0,0,,,,,,,,,,,,,,,,,
consumerIssues,fairMarketingFactualAndUnbiasedInformati,6_1_1," does not engage in any practice that is deceptive, misleading, fraudulent or unfair, unclear or ambiguous, including omission of critical information",1,0,1,Yes/No,4 - Very good / 0 - Very poor,"Evidence of communication e_g_ advertisement, website, labels, Code of conduct/ethics, or equivalent",,,,,,,,,,,,,,
consumerIssues,fairMarketingFactualAndUnbiasedInformati,6_1_2, consents to sharing relevant information in a transparent manner to allow for easy access and comparability with alternative products and services,2,0,1,Yes/No,4 - Very good / 0 - Very poor,"Evidence of communication e_g_ advertisement, website, labels, or equivalent",,,,,,,,,,,,,,
consumerIssues,fairMarketingFactualAndUnbiasedInformati,6_1_3, clearly identifies advertising and marketing,3,0,1,Yes/No,4 - Very good / 0 - Very poor,"Evidence of communication e_g_ advertisement, website, labels, or equivalent",,,,,,,,,,,,,,
consumerIssues,fairMarketingFactualAndUnbiasedInformati,6_1_4, discloses total prices and taxes,4,0,1,Yes/No,4 - Very good / 0 - Very poor,"Evidence of communication e_g_ advertisement, website, labels, or equivalent",,,,,,,,,,,,,,
consumerIssues,fairMarketingFactualAndUnbiasedInformati,6_1_5," discloses terms and conditions of The products and services, as well as any accessory required for use",5,0,1,Yes/No,4 - Very good / 0 - Very poor,"Evidence of communication e_g_ advertisement, website, labels, or equivalent",,,,,,,,,,,,,,
consumerIssues,fairMarketingFactualAndUnbiasedInformati,6_1_6, discloses delivery costs,6,0,1,Yes/No,4 - Very good / 0 - Very poor,"Evidence of communication e_g_ advertisement, website, labels, or equivalent",,,,,,,,,,,,,,
consumerIssues,fairMarketingFactualAndUnbiasedInformati,6_1_7," when offering Consumer credit, discloses details of The actual annual interest rate as well as The average percentage rate (APR) charged, which include all The costs involved, amount to be Paid, number of payments and The due dates of instalment payments",7,0,1,Yes/No,4 - Very good / 0 - Very poor,"Evidence of communication e_g_ advertisement, website, labels, or equivalent",,,,,,,,,,,,,,
consumerIssues,fairMarketingFactualAndUnbiasedInformati,6_1_8, substantiates claims or assertions by providing underlying facts and information upon request,8,0,1,Yes/No,4 - Very good / 0 - Very poor,"Evidence of communication e_g_ advertisement, website, labels, Customer support procedures and examples, or equivalent",,,,,,,,,,,,,,
consumerIssues,fairMarketingFactualAndUnbiasedInformati,6_1_9," does not use text, audio or images that perpetuate stereotyping in regard to, for example, gender, religion, race, disability or personal relationships",9,0,1,Yes/No,4 - Very good / 0 - Very poor,"Evidence of communication e_g_ advertisement, website, labels, or equivalent",,,,,,,,,,,,,,
consumerIssues,fairMarketingFactualAndUnbiasedInformati,6_1_10," gives primary Consideration in advertising and marketing to The best interests of vulnerable groups, including Children, and not engage in activities that are detrimental to their interests",10,0,1,Yes/No,4 - Very good / 0 - Very poor,"Evidence of communication e_g_ advertisement, website, labels, or equivalent",,,,,,,,,,,,,,
consumerIssues,fairMarketingFactualAndUnbiasedInformati,6_1_11_1," provides complete, accurate, and understandable information that can be compared in official or commonly used languages at the point of sale and according to applicable regulations on:",11,21,1,Yes/No,4 - Very good / 0 - Very poor,"Examples of information provided at point of sale, such as technical manuals, user manuals, specifications, product/service description, description of product features, customer support procedure etc_, or equivalent",,,,,,,,,,,,,,
consumerIssues,fairMarketingFactualAndUnbiasedInformati,6_1_11_2,"  all important aspects of products and services, including financial and investment products, ideally taking into account the full life cycle;",12,21,1,Yes/No,4 - Very good / 0 - Very poor,"Examples of information provided at point of sale, such as technical manuals, user manuals, specifications, product/service description, description of product features, customer support procedure etc_, or equivalent",,,,,,,,,,,,,,
consumerIssues,fairMarketingFactualAndUnbiasedInformati,6_1_11_3," the key quality aspects of products and services as determined using standardised test procedures, and compared, when possible, to average performance or best practice_ Provision of such information should be limited to circumstances where it is appropriate and practical and would assist consumers;",13,21,1,Yes/No,4 - Very good / 0 - Very poor,"Examples of information provided at point of sale, such as technical manuals, user manuals, specifications, product/service description, description of product features, customer support procedure etc_, or equivalent",,,,,,,,,,,,,,
consumerIssues,fairMarketingFactualAndUnbiasedInformati,6_1_11_4," health and safety aspects of products and services, such as potentially hazardous use, hazardous materials and hazardous chemicals contained in or released by products during their lifecycle;",14,21,1,Yes/No,4 - Very good / 0 - Very poor,"Examples of information provided at point of sale, such as technical manuals, user manuals, specifications, product/service description, description of product features, customer support procedure etc_, or equivalent",,,,,,,,,,,,,,
consumerIssues,fairMarketingFactualAndUnbiasedInformati,6_1_11_5, information regarding accessibility of products and services,15,21,1,Yes/No,4 - Very good / 0 - Very poor,"Examples of information provided at point of sale, such as technical manuals, user manuals, specifications, product/service description, description of product features, customer support procedure etc_, or equivalent",,,,,,,,,,,,,,
consumerIssues,fairMarketingFactualAndUnbiasedInformati,6_1_11_6," the organizations location, postal address, telephone number and email address, when using domestic or crossborder distance selling, including by means of the Internet, ecommerce, or mail order;",16,21,1,Yes/No,4 - Very good / 0 - Very poor,"Examples of information provided at point of sale, such as technical manuals, user manuals, specifications, product/service description, description of product features, customer support procedure etc_, or equivalent",,,,,,,,,,,,,,
consumerIssues,fairMarketingFactualAndUnbiasedInformati,6_1_12_1, uses contracts that:,17,21,1,Yes/No,4 - Very good / 0 - Very poor,"Anonymised examples of contracts with customers, or equivalent",,,,,,,,,,,,,,
consumerIssues,fairMarketingFactualAndUnbiasedInformati,6_1_12_2," are written in clear, legible and understandable language;",18,21,1,Yes/No,4 - Very good / 0 - Very poor,"Anonymised examples of contracts with customers, or equivalent",,,,,,,,,,,,,,
consumerIssues,fairMarketingFactualAndUnbiasedInformati,6_1_12_3,"   do not include unfair contract terms, such as the unfair exclusion of liability, the right to unilaterally change prices and conditions, the transfer of risk of insolvency to consumers or unduly long contract periods, and avoid predatory lending practices including unreasonable credit rates; and",19,21,1,Yes/No,4 - Very good / 0 - Very poor,"Anonymised examples of contracts with customers, or equivalent",,,,,,,,,,,,,,
consumerIssues,fairMarketingFactualAndUnbiasedInformati,6_1_12_4," provide clear and sufficient information about prices, features, terms, conditions, costs, The duration of The contract and cancellation periods_",20,21,1,Yes/No,4 - Very good / 0 - Very poor,"Anonymised examples of contracts with customers, or equivalent",,,,,,,,,,,,,,
consumerIssues,protectingConsumersHealthAndSafety,6_2_1_0,"The organisation practices full, frank and correct disclosure and labelling that considers different consumer needs and capacities e_g_ children, the elderly, disabled individuals, etc_ regarding:",0,22,0,,,,,,,,,,,,,,,,,
consumerIssues,protectingConsumersHealthAndSafety,6_2_1_1, content,1,22,1,Yes/No,4 - Very good / 0 - Very poor,"Example of a label/safety information/safety instructions, Operating Instruction & Manual  disclosed for a product or service, or equivalent",,,,,,,,,,,,,,
consumerIssues,protectingConsumersHealthAndSafety,6_2_1_2, health aspects including use of harmful chemicals,2,22,1,Yes/No,4 - Very good / 0 - Very poor,"Example of a label/safety information/safety instructions, Operating Instruction & Manual  disclosed for a product or service, or equivalent",,,,,,,,,,,,,,
consumerIssues,protectingConsumersHealthAndSafety,6_2_1_3, safe use and maintenance of Its products and services,3,22,1,Yes/No,4 - Very good / 0 - Very poor,"Example of a label/safety information/safety instructions, Operating Instruction & Manual  disclosed for a product or service, or equivalent",,,,,,,,,,,,,,
consumerIssues,protectingConsumersHealthAndSafety,6_2_1_4, risks involved in intended or normally forseeable use,4,22,1,Yes/No,4 - Very good / 0 - Very poor,"Example of a label/safety information/safety instructions, Operating Instruction & Manual  disclosed for a product or service, or equivalent",,,,,,,,,,,,,,
consumerIssues,protectingConsumersHealthAndSafety,6_2_1_5, vital safety information using symbols and textual information,5,22,1,Yes/No,4 - Very good / 0 - Very poor,"Example of a label/safety information/safety instructions, Operating Instruction & Manual  disclosed for a product or service, or equivalent",,,,,,,,,,,,,,
consumerIssues,protectingConsumersHealthAndSafety,6_2_2,"The organisation provides products and services that, under normal and reasonably foreseeable conditions of use, are safe for users and other persons, their property, and the environment",6,0,1,Yes/No,4 - Very good / 0 - Very poor,"Example of a safety label or regulatory marking e_g_ CE marking, etc_, or equivalent",,,,,,,,,,,,,,
consumerIssues,protectingConsumersHealthAndSafety,6_2_3,"Organisation takes special care in designing and disclosing information that is targeted to children, the elderly, the seriously ill, and others who may not have the capacity to fully understand the information with which they are presented",7,0,1,Yes/No,4 - Very good / 0 - Very poor,"Example of an information design procedure and relevant requirements/criteria, or equivalent",,,,,,,,,,,,,,
consumerIssues,protectingConsumersHealthAndSafety,6_2_4,The organisation is compliant with all health and safety regulations that apply to its products and services,8,0,1,Yes/No,4 - Very good / 0 - Very poor,"Health & safety audit certificates from relevant bodies or equivalent, or equivalent",,,,,,,,,,,,,,
consumerIssues,protectingConsumersHealthAndSafety,6_2_5_1,Organisation carries out product and service H&S assessments that:,9,23,1,Yes/No,4 - Very good / 0 - Very poor,"Examples of H&S assessments performed for products or services, or equivalent",,,,,,,,,,,,,,
consumerIssues,protectingConsumersHealthAndSafety,6_2_5_2," assess The adequacy of health and safety laws, regulations, standards and other specifications to address all health and safety aspects",10,23,1,Yes/No,4 - Very good / 0 - Very poor,"Examples of H&S assessments performed for products or services, or equivalent",,,,,,,,,,,,,,
consumerIssues,protectingConsumersHealthAndSafety,6_2_5_3, assess The need for going beyond minimum safety requirements,11,23,1,Yes/No,4 - Very good / 0 - Very poor,"Examples of H&S assessments performed for products or services, or equivalent",,,,,,,,,,,,,,
consumerIssues,protectingConsumersHealthAndSafety,6_2_6_1,Organisation carries out product and service design risk assessments that:,12,23,1,Yes/No,4 - Very good / 0 - Very poor,"Example of a design risk assessment/impact assessment carried out for a product or service, or equivalent",,,,,,,,,,,,,,
consumerIssues,protectingConsumersHealthAndSafety,6_2_6_2," identify the likely user group(s), the intended use and the reasonably foreseeable misuse of the product or service, hazards arising from use, identify adaptations that can be done to the product or service for vulnerable groups",13,23,1,Yes/No,4 - Very good / 0 - Very poor,"Example of a design risk assessment/impact assessment carried out for a product or service, or equivalent",,,,,,,,,,,,,,
consumerIssues,protectingConsumersHealthAndSafety,6_2_6_3," estimate and evaluate The risk to each identified user or group, including pregnant women",14,23,1,Yes/No,4 - Very good / 0 - Very poor,"Example of a design risk assessment/impact assessment carried out for a product or service, or equivalent",,,,,,,,,,,,,,
consumerIssues,protectingConsumersHealthAndSafety,6_2_6_4," reduce identified risks using the following order of priority: 
a) inherently safe design, 
b) protective devices, 
c) information for users",15,23,1,Yes/No,4 - Very good / 0 - Very poor,"Example of a design risk assessment/impact assessment carried out for a product or service, or equivalent",,,,,,,,,,,,,,
consumerIssues,protectingConsumersHealthAndSafety,6_2_7_1,"Organisation carries out product and service assessments on human health, safety and the environment before the introduction of new materials, technologies and methods of production as well as during the development of new products and services that:",16,24,1,Yes/No,4 - Very good / 0 - Very poor,"Example of preliminary impact assessment carried out for a product, service, material, technology or method of production, or equivalent",,,,,,,,,,,,,,
consumerIssues,protectingConsumersHealthAndSafety,6_2_7_2,"assess The adequacy of health and safety laws, regulations, standards and other specifications to address all health and safety aspects",17,24,1,Yes/No,4 - Very good / 0 - Very poor,"Example of preliminary impact assessment carried out for a product, service, material, technology or method of production, or equivalent",,,,,,,,,,,,,,
consumerIssues,protectingConsumersHealthAndSafety,6_2_7_3, assess The need for going beyond minimum safety requirements,18,24,1,Yes/No,4 - Very good / 0 - Very poor,"Example of preliminary impact assessment carried out for a product, service, material, technology or method of production, or equivalent",,,,,,,,,,,,,,
consumerIssues,protectingConsumersHealthAndSafety,6_2_7_4," identify the likely user group(s), the intended use and the reasonably foreseeable misuse of the product or service, hazards arising from use, identify adaptations that can be done to the product or service for vulnerable groups",19,24,1,Yes/No,4 - Very good / 0 - Very poor,"Example of preliminary impact assessment carried out for a product, service, material, technology or method of production, or equivalent",,,,,,,,,,,,,,
consumerIssues,protectingConsumersHealthAndSafety,6_2_7_5, estimate and evaluate The risk to each identified user or group,20,24,1,Yes/No,4 - Very good / 0 - Very poor,"Example of preliminary impact assessment carried out for a product, service, material, technology or method of production, or equivalent",,,,,,,,,,,,,,
consumerIssues,protectingConsumersHealthAndSafety,6_2_7_6, address risks identified through corrective action,21,24,1,Yes/No,4 - Very good / 0 - Very poor,"Example of preliminary impact assessment carried out for a product, service, material, technology or method of production, or equivalent",,,,,,,,,,,,,,
consumerIssues,protectingConsumersHealthAndSafety,6_2_7_7, are available to consumers and The wider public,22,24,1,Yes/No,4 - Very good / 0 - Very poor,"Example of preliminary impact assessment carried out for a product, service, material, technology or method of production, or equivalent",,,,,,,,,,,,,,
consumerIssues,protectingConsumersHealthAndSafety,6_2_7_8," identify and avoid The use of harmful chemicals, including but not limited to those that are carcinogenic, mutagenic, toxic for reproduction, or persistent and bioaccumulative_",23,24,1,Yes/No,4 - Very good / 0 - Very poor,"Example of preliminary impact assessment carried out for a product, service, material, technology or method of production, or equivalent",,,,,,,,,,,,,,
consumerIssues,protectingConsumersHealthAndSafety,6_2_8_1,Organisation has a Consumer health and safety policy in place which outlines: ,24,25,1,Yes/No,4 - Very good / 0 - Very poor,"Health & Safety Policy or equivalent, with relevant sections/clauses concerning consumers, or equivalent",,,,,,,,,,,,,,
consumerIssues,protectingConsumersHealthAndSafety,6_2_8_2, The procedures for preventing products from becoming unsafe through improper handling or storage by consumers,25,25,1,Yes/No,4 - Very good / 0 - Very poor,"Health & Safety Policy or equivalent, with relevant sections/clauses concerning consumers, or equivalent",,,,,,,,,,,,,,
consumerIssues,protectingConsumersHealthAndSafety,6_2_8_3," the mitigating measures to be taken when a service or product that has been placed on the market presents an unforeseen hazard, has a serious defect or contains misleading or false information e_g_ stop the services or withdraw all products that are being distributed, recall products using appropriate measures and media to reach consumers, and compensate consumers for losses suffered",26,25,1,Yes/No,4 - Very good / 0 - Very poor,"Health & Safety Policy or equivalent, with relevant sections/clauses concerning consumers, or equivalent",,,,,,,,,,,,,,
consumerIssues,protectingConsumersHealthAndSafety,6_2_8_4, traceability of Its products and services,27,25,1,Yes/No,4 - Very good / 0 - Very poor,"Health & Safety Policy or equivalent, with relevant sections/clauses concerning consumers, or equivalent",,,,,,,,,,,,,,
consumerIssues,protectingConsumersHealthAndSafety,6_2_9_0,Organisation adopts measures:,28,26,0,,,,,,,,,,,,,,,,,
consumerIssues,protectingConsumersHealthAndSafety,6_2_9_1, that prevent products from becoming unsafe through improper handling or storage by consumers,29,26,1,Yes/No,4 - Very good / 0 - Very poor,"Health & Safety Policy or equivalent, examples of relevant measures/actions adopted, or equivalent",,,,,,,,,,,,,,
consumerIssues,protectingConsumersHealthAndSafety,6_2_9_2," for when a service or product that has been placed on the market presents an unforeseen hazard, has a serious defect or contains misleading or false information e_g_ stop the services or withdraw all products that are being distributed, recall products using appropriate measures and media to reach consumers, and compensate consumers for losses suffered",30,26,1,Yes/No,4 - Very good / 0 - Very poor,"Health & Safety Policy or equivalent, examples of relevant measures/actions adopted, or equivalent",,,,,,,,,,,,,,
consumerIssues,protectingConsumersHealthAndSafety,6_2_9_3, that provide traceability for Its products and services,31,26,1,Yes/No,4 - Very good / 0 - Very poor,"Health & Safety Policy or equivalent, examples of relevant measures/actions adopted or equivalent",,,,,,,,,,,,,,
consumerIssues,sustainableConsumption,6_3_1,"Organisation makes use of effective communication channels with consumers to educate and empower them in understanding the impacts of their choices of products and services on their well being, the society, the economy and on the environment_",0,0,1,Yes/No,4 - Very good / 0 - Very poor,"Examples of communication with consumers (eg_ Via Marketing activities) showing raising awareness regarding sustainable consumption and consumption impacts, or equivalent",,,,,,,,,,,,,,
consumerIssues,sustainableConsumption,6_3_2,Organisation provides practical advice on how to modify consumption patterns and to make necessary changes;,1,0,1,Yes/No,4 - Very good / 0 - Very poor,"Relevant evidence or documentation; Examples of practical advice provided through an effective communication channel (e_g Product labelling, marketing material, user manuals etc_), or equivalent",,,,,,,,,,,,,,
consumerIssues,sustainableConsumption,6_3_3,Organisation eliminates or minimises any negative health and environmental impact of products and services throughout their lifecycle,2,0,1,Yes/No,4 - Very good / 0 - Very poor,"Environmental Impact Assessment adopting LCA approach, Relevant actions taken to counter impacts, or equivalent",,,,,,,,,,,,,,
consumerIssues,sustainableConsumption,6_3_4,"Where less harmful and more efficient alternatives exist, provides the choice of products or services that have less adverse effects on the society and the environment",3,0,1,Yes/No,4 - Very good / 0 - Very poor,"Evidence demonstrating provision of less harmful alternatives as part of its products/services offering, or equivalent",,,,,,,,,,,,,,
consumerIssues,sustainableConsumption,6_3_5,"The organisation designs products and packaging so that they can be easily used, reused, repaired or recycled",4,0,1,Yes/No,4 - Very good / 0 - Very poor,"Evidence demonstrating that products and packaging has been designed with those factors in mind (e_g_ Design rationale, Design requirements, relevant features on final product/packaging), or equivalent",,,,,,,,,,,,,,
consumerIssues,sustainableConsumption,6_3_6,The organisation offers or suggests recycling and disposal services,5,0,1,Yes/No,4 - Very good / 0 - Very poor,"Evidence demonstrating offering or suggesting recycling and disposal services (e_g_ through product labelling or marketing material), or equivalent",,,,,,,,,,,,,,
consumerIssues,sustainableConsumption,6_3_7,The organisation prefers suppliers that can contribute to sustainable development,6,0,1,Yes/No,4 - Very good / 0 - Very poor,"Relevant evidence or documentation (e_g_ Procurement policy or equivalent, which sets relevant procurement criteria), or equivalent",,,,,,,,,,,,,,
consumerIssues,sustainableConsumption,6_3_8,"The organisation offers high quality products with longer product life, at affordable prices",7,0,1,Yes/No,4 - Very good / 0 - Very poor,,,,,,,,,,,,,,,
consumerIssues,sustainableConsumption,6_3_9_1,The organisation provides consumers with information regarding its products and services that includes:,8,27,1,Yes/No,4 - Very good / 0 - Very poor,"Evidence demonstrating the disclosure of the information described, or equivalent",,,,,,,,,,,,,,
consumerIssues,sustainableConsumption,6_3_9_2," scientifically reliable, consistent, truthful, accurate, comparable and verifiable information about The Environmental and social factors related to production and delivery of Its products or services",9,27,1,Yes/No,4 - Very good / 0 - Very poor,"Evidence demonstrating the disclosure of the information described, or equivalent",,,,,,,,,,,,,,
consumerIssues,sustainableConsumption,6_3_9_3," information on resource efficiency, taking The value chain into account",10,27,1,Yes/No,4 - Very good / 0 - Very poor,"Evidence demonstrating the disclosure of the information described, or equivalent",,,,,,,,,,,,,,
consumerIssues,sustainableConsumption,6_3_9_4, information on energy efficiency,11,27,1,Yes/No,4 - Very good / 0 - Very poor,"Evidence demonstrating the disclosure of the information described, or equivalent",,,,,,,,,,,,,,
consumerIssues,sustainableConsumption,6_3_9_5, information on performance impacts on health,12,27,1,Yes/No,4 - Very good / 0 - Very poor,"Evidence demonstrating the disclosure of the information described, or equivalent",,,,,,,,,,,,,,
consumerIssues,sustainableConsumption,6_3_9_6, information on country of origin,13,27,1,Yes/No,4 - Very good / 0 - Very poor,"Evidence demonstrating the disclosure of the information described, or equivalent",,,,,,,,,,,,,,
consumerIssues,sustainableConsumption,6_3_9_7," information on contents or ingredients including, where appropriate, use of genetically modified organisms and nanoparticles",14,27,1,Yes/No,4 - Very good / 0 - Very poor,"Evidence demonstrating the disclosure of the information described, or equivalent",,,,,,,,,,,,,,
consumerIssues,sustainableConsumption,6_3_9_8," information on aspects related to animal welfare (including, where appropriate, use of animal testing)",15,27,1,Yes/No,4 - Very good / 0 - Very poor,"Evidence demonstrating the disclosure of the information described, or equivalent",,,,,,,,,,,,,,
consumerIssues,sustainableConsumption,6_3_9_9, information on safe use,16,27,1,Yes/No,4 - Very good / 0 - Very poor,"Evidence demonstrating the disclosure of the information described, or equivalent",,,,,,,,,,,,,,
consumerIssues,sustainableConsumption,6_3_9_10," information on maintenance, storage and disposal of The products and their packaging",17,27,1,Yes/No,4 - Very good / 0 - Very poor,"Evidence demonstrating the disclosure of the information described, or equivalent",,,,,,,,,,,,,,
consumerIssues,sustainableConsumption,6_3_10,"Organisations products and services make use of independently verified labelling schemes or other verification schemes, such as ecolabelling or auditing activities, to communicate the socially, economically and environmentally beneficial characteristics they have_ ",18,0,1,Yes/No,4 - Very good / 0 - Very poor,"Certificate of labelling scheme or verification scheme secured for products/services (E_g_ ecolabelling, Blue Angel, FSC, Organic Labeling, Not tested on animals certificate etc_), or equivalent",,,,,,,,,,,,,,
consumerIssues,consumerServiceSupportAndComplai,6_4_1,"Organisation offers guarantees for its products and services to consumers, including those who obtain them through distance selling, which include the option to return products within a specified period or obtain other appropriate remedies",0,0,1,Yes/No,4 - Very good / 0 - Very poor,"Guaranty policy / Examples of communicating guarantee policy with customers, or equivalent",,,,,,,,,,,,,,
consumerIssues,consumerServiceSupportAndComplai,6_4_2,"Organisation offers warranties for its products and services to consumers, including those who obtain them through distance selling, which include the option to return products within a specified period or obtain other appropriate remedies_

Where appropriate, organisation offers warranties that exceed periods guaranteed by law and are suitable for the expected length of product life_ ",1,0,1,Yes/No,4 - Very good / 0 - Very poor,"Warranty policy / Examples where warranty policy is communicated with customers e_g_ Warranty Card, or equivalent",,,,,,,,,,,,,,
consumerIssues,consumerServiceSupportAndComplai,6_4_3_0,Organisation offers at the point of sale:,2,28,0,,,,,,,,,,,,,,,,,
consumerIssues,consumerServiceSupportAndComplai,6_4_3_1, proper installation of products,3,28,1,Yes/No,4 - Very good / 0 - Very poor,"Relevant evidence or documentation demonstrating provision of these services at point of sale, or equivalent",,,,,,,,,,,,,,
consumerIssues,consumerServiceSupportAndComplai,6_4_3_2, technical Support regarding use,4,28,1,Yes/No,4 - Very good / 0 - Very poor,"Relevant evidence or documentation demonstrating provision of these services at point of sale, or equivalent",,,,,,,,,,,,,,
consumerIssues,consumerServiceSupportAndComplai,6_4_3_3, credit and financial services,5,28,1,Yes/No,4 - Very good / 0 - Very poor,"Relevant evidence or documentation demonstrating provision of these services at point of sale, or equivalent",,,,,,,,,,,,,,
consumerIssues,consumerServiceSupportAndComplai,6_4_4_1,"Organisation offers aftersupply service and support, where:",6,28,1,Yes/No,4 - Very good / 0 - Very poor,"After-sales services and support policy or equivalent, Relevant evidence or documentation demonstrating provision of these after-supply services, or equivalent",,,,,,,,,,,,,,
consumerIssues,consumerServiceSupportAndComplai,6_4_4_2, complaints are reviewed,7,28,1,Yes/No,4 - Very good / 0 - Very poor,"After-sales services and support policy or equivalent, Relevant evidence or documentation demonstrating provision of these after-supply services, or equivalent",,,,,,,,,,,,,,
consumerIssues,consumerServiceSupportAndComplai,6_4_4_3, Practices are improved in response to complaints,8,28,1,Yes/No,4 - Very good / 0 - Very poor,"After-sales services and support policy or equivalent, Relevant evidence or documentation demonstrating provision of these after-supply services, or equivalent",,,,,,,,,,,,,,
consumerIssues,consumerServiceSupportAndComplai,6_4_4_4, adequate and efficient Support and advice systems are in place,9,28,1,Yes/No,4 - Very good / 0 - Very poor,"After-sales services and support policy or equivalent, Relevant evidence or documentation demonstrating provision of these after-supply services, or equivalent",,,,,,,,,,,,,,
consumerIssues,consumerServiceSupportAndComplai,6_4_4_5, maintenance and repair is offered at a resonable price and at accessible locations,10,28,1,Yes/No,4 - Very good / 0 - Very poor,"After-sales services and support policy or equivalent, Relevant evidence or documentation demonstrating provision of these after-supply services, or equivalent",,,,,,,,,,,,,,
consumerIssues,consumerServiceSupportAndComplai,6_4_4_6, information is readily accessible on The expected availability of spare parts for products or The completion of other corrective measures that might apply,11,28,1,Yes/No,4 - Very good / 0 - Very poor,"After-sales services and support policy or equivalent, Relevant evidence or documentation demonstrating provision of these after-supply services, or equivalent",,,,,,,,,,,,,,
consumerIssues,consumerServiceSupportAndComplai,6_4_5,"Organisation monitors the effectiveness of its aftersale service, support and dispute resolution procedures e_g_ surveys of users",12,0,1,Yes/No,4 - Very good / 0 - Very poor,"Relevant evidence or documentation demonstrating mechanisms/processes in place that monitor the effectiveness of aftersale service, support and dispute resolution processes (e_g_ feedback forms, customer surveys), or equivalent",,,,,,,,,,,,,,
consumerIssues,consumerServiceSupportAndComplai,6_4_6_1,"Organisation makes use of alternative dispute resolution, conflict resolution and redress procedures that:",13,29,1,Yes/No,4 - Very good / 0 - Very poor,"After-sales services and support policy, Redress policy, Customer Dispute Resolution Policy, or equivalent",,,,,,,,,,,,,,
consumerIssues,consumerServiceSupportAndComplai,6_4_6_2, are based on national or international standards,14,29,1,Yes/No,4 - Very good / 0 - Very poor,"After-sales services and support policy, Redress policy, Customer Dispute Resolution Policy, or equivalent",,,,,,,,,,,,,,
consumerIssues,consumerServiceSupportAndComplai,6_4_6_3, are free of charge or are at minimal cost to consumers,15,29,1,Yes/No,4 - Very good / 0 - Very poor,"After-sales services and support policy, Redress policy, Customer Dispute Resolution Policy, or equivalent",,,,,,,,,,,,,,
consumerIssues,consumerServiceSupportAndComplai,6_4_6_4, do not require consumers to waive their Rights to seek legal recourse,16,29,1,Yes/No,4 - Very good / 0 - Very poor,"After-sales services and support policy, Redress policy, Customer Dispute Resolution Policy, or equivalent",,,,,,,,,,,,,,
consumerIssues,consumerServiceSupportAndComplai,6_4_7,Organisation clearly informs consumers how they can access aftersupply services and support as well as dispute resolution and redress mechanisms,17,0,1,Yes/No,4 - Very good / 0 - Very poor,"Relevant evidence showing clear indication of access to after-supply services and support and dispute resolution mechanisms, via an effective communication channel (e_g_ information on webpage, user manual, contract), or equivalent",,,,,,,,,,,,,,
consumerIssues,consumerServiceSupportAndComplai,6_4_8,Organisation has a return and refund policy,18,0,1,Yes/No,4 - Very good / 0 - Very poor,"Return and refund policy, or equivalent",,,,,,,,,,,,,,
consumerIssues,consumerServiceSupportAndComplai,6_4_9,Organisation has a management system in place for customer satisfaction and quality,19,0,1,Yes/No,4 - Very good / 0 - Very poor,"Relevant evidence or documentation e_g_ ISO10001:  Quality management - customer satisfaction - guidelines for codes of conduct for organisations, ISO10002: Quality management - customer satisfaction - guidelines for complaints handling in organisations, ISO10003: Quality management - customer satisfaction - guidelines for dispute resolution external to the organisation, or equivalent",,,,,,,,,,,,,,
consumerIssues,consumerDataProtectionAndPrivacy,6_5_1,"Organisation practices responsible, truthful and equitable advertising",0,0,1,Yes/No,4 - Very good / 0 - Very poor,"Advertising material (print, digital, etc_), or equivalent",,,,,,,,,,,,,,
consumerIssues,consumerDataProtectionAndPrivacy,6_5_2_1,Organisation has a Data protection and privacy policy that addresses:,1,30,1,Yes/No,4 - Very good / 0 - Very poor,"Data protection and privacy policy, or equivalent",,,,,,,,,,,,,,
consumerIssues,consumerDataProtectionAndPrivacy,6_5_2_2, limiting The collection of personal data to information that is either essential for The Provision of products and services or provided with The informed and voluntary consent of The Consumer,2,30,1,Yes/No,4 - Very good / 0 - Very poor,"Data protection and privacy policy, or equivalent",,,,,,,,,,,,,,
consumerIssues,consumerDataProtectionAndPrivacy,6_5_2_3," data gathering, disclosure and usage",3,30,1,Yes/No,4 - Very good / 0 - Very poor,"Data protection and privacy policy, or equivalent",,,,,,,,,,,,,,
consumerIssues,consumerDataProtectionAndPrivacy,6_5_2_4, The purpose for which personal data are collected either before or at The time of data collection,4,30,1,Yes/No,4 - Very good / 0 - Very poor,"Data protection and privacy policy, or equivalent",,,,,,,,,,,,,,
consumerIssues,consumerDataProtectionAndPrivacy,6_5_2_5, The identity and usual location of The person accountable for data protection in The organisation is disclosed i_e_ The data controller,5,30,1,Yes/No,4 - Very good / 0 - Very poor,"Data protection and privacy policy, or equivalent",,,,,,,,,,,,,,
consumerIssues,consumerDataProtectionAndPrivacy,6_5_2_6," channels for consumers to verify whether The organisation collects, stores and makes use of their data and to challenge these data",6,30,1,Yes/No,4 - Very good / 0 - Very poor,"Data protection and privacy policy, or equivalent",,,,,,,,,,,,,,
consumerIssues,consumerDataProtectionAndPrivacy,6_5_2_7, actions to follow if The challenge is successful,7,30,1,Yes/No,4 - Very good / 0 - Very poor,"Data protection and privacy policy, or equivalent",,,,,,,,,,,,,,
consumerIssues,consumerDataProtectionAndPrivacy,6_5_2_8, not making The use of services or The claim to special offers contingent on agreement by The Consumer to The unwanted use of data for marketing purposes,8,30,1,Yes/No,4 - Very good / 0 - Very poor,"Data protection and privacy policy, or equivalent",,,,,,,,,,,,,,
consumerIssues,consumerDataProtectionAndPrivacy,6_5_2_9, security safeguards to protect personal data,9,30,1,Yes/No,4 - Very good / 0 - Very poor,"Data protection and privacy policy, or equivalent",,,,,,,,,,,,,,
consumerIssues,consumerDataProtectionAndPrivacy,6_5_3_0,The organisation:,10,31,0,,,,,,,,,,,,,,,,,
consumerIssues,consumerDataProtectionAndPrivacy,6_5_3_1, requires consumers to provide consent for sharing data,11,31,1,Yes/No,4 - Very good / 0 - Very poor,"Data protection and privacy policy, Data collection protocol, certification of compliance with local, national, regional or international data protection regulations (e_g_ GDPR Certification), or equivalent",,,,,,,,,,,,,,
consumerIssues,consumerDataProtectionAndPrivacy,6_5_3_2, requires consumers to accept Its data protection and privacy policy,12,31,1,Yes/No,4 - Very good / 0 - Very poor,"Data protection and privacy policy, Data collection protocol, certification of compliance with local, national, regional or international data protection regulations (e_g_ GDPR Certification), or equivalent",,,,,,,,,,,,,,
consumerIssues,consumerDataProtectionAndPrivacy,6_5_3_3, does not make The use of services or The claim to special offers contingent on agreement by The Consumer to The unwanted use of data for marketing purposes,13,31,1,Yes/No,4 - Very good / 0 - Very poor,"Data protection and privacy policy, Data collection protocol, certification of compliance with local, national, regional or international data protection regulations (e_g_ GDPR Certification), or equivalent",,,,,,,,,,,,,,
consumerIssues,consumerDataProtectionAndPrivacy,6_5_3_4, only obtains data by lawful and Fair means,14,31,1,Yes/No,4 - Very good / 0 - Very poor,"Data protection and privacy policy, Data collection protocol, certification of compliance with local, national, regional or international data protection regulations (e_g_ GDPR Certification), or equivalent",,,,,,,,,,,,,,
consumerIssues,consumerDataProtectionAndPrivacy,6_5_3_5," does not disclose, make available or otherwise use personal data for purposes other than those specified, including marketing, except with The informed and voluntary consent of The Consumer or when required by The law",15,31,1,Yes/No,4 - Very good / 0 - Very poor,"Data protection and privacy policy, Data collection protocol, certification of compliance with local, national, regional or international data protection regulations (e_g_ GDPR Certification), or equivalent",,,,,,,,,,,,,,
consumerIssues,consumerDataProtectionAndPrivacy,6_5_3_6," provides channels for consumers to verify whether The organisation collects, stores and makes use of their data and to challenge these data",16,31,1,Yes/No,4 - Very good / 0 - Very poor,"Data protection and privacy policy, Data collection protocol, certification of compliance with local, national, regional or international data protection regulations (e_g_ GDPR Certification), or equivalent",,,,,,,,,,,,,,
consumerIssues,consumerDataProtectionAndPrivacy,6_5_3_7," in The case where The challenge is successful, erases, rectifies, completes or amends The data as appropriate",17,31,1,Yes/No,4 - Very good / 0 - Very poor,"Data protection and privacy policy, Data collection protocol, certification of compliance with local, national, regional or international data protection regulations (e_g_ GDPR Certification), or equivalent",,,,,,,,,,,,,,
consumerIssues,consumerDataProtectionAndPrivacy,6_5_4,Organisation only obtains data by lawful and fair means,18,0,1,Yes/No,4 - Very good / 0 - Very poor,"Data protection and privacy policy, Data collection protocol, certification of compliance with local, national, regional or international data protection regulations (e_g_ GDPR Certification), or equivalent",,,,,,,,,,,,,,
consumerIssues,consumerDataProtectionAndPrivacy,6_5_5,"Organisation does not disclose, make available or otherwise use personal data for purposes other than those specified, including marketing, except with the informed and voluntary consent of the consumer or when required by the law",19,0,1,Yes/No,4 - Very good / 0 - Very poor,"Data protection and privacy policy, Data collection protocol, certification of compliance with local, national, regional or international data protection regulations (e_g_ GDPR Certification), or equivalent",,,,,,,,,,,,,,
consumerIssues,consumerDataProtectionAndPrivacy,6_5_6,"Organisation provides channels for consumers to verify whether the organisation collects, stores and makes use of their data and to challenge these data",20,0,1,Yes/No,4 - Very good / 0 - Very poor,Relevant evidence or documentation demonstrating channels of verification for consumers as well as method to challenge the validity and use of their personal data,,,,,,,,,,,,,,
consumerIssues,consumerDataProtectionAndPrivacy,6_5_7,"In the case where the challenge is successful, the organisation erases, rectifies, completes or amends the data as appropriate",21,0,1,Yes/No,4 - Very good / 0 - Very poor,"Data potection and privacy policy, Customer Dispute Resolution Policy or equivalent",,,,,,,,,,,,,,
consumerIssues,consumerDataProtectionAndPrivacy,6_5_8,Organisation implements data security safeguards,22,0,1,Yes/No,4 - Very good / 0 - Very poor,"Data protection and privacy policy, Data collection protocol or equivalent,  Certification of compliance with local, national, regional or international data protection regulations (e_g_ GDPR Certification)",,,,,,,,,,,,,,
consumerIssues,consumerDataProtectionAndPrivacy,6_5_9,Organisation implements data security standards e_g_ ISO27001,23,0,1,Yes/No,4 - Very good / 0 - Very poor,"Certification for implementation of data security standard, or equivalent",,,,,,,,,,,,,,
consumerIssues,consumerDataProtectionAndPrivacy,6_5_10,Organisation holds the person in charge of data protection in the orgnisation accountable for complying with all relevant measures and laws,24,0,1,Yes/No,4 - Very good / 0 - Very poor,"Relevant evidence or documentation demonstrating accountability of person in charge of data protection, or equivalent",,,,,,,,,,,,,,
consumerIssues,consumerDataProtectionAndPrivacy,6_5_11,Organisation is compliant with all relevant data protection and privacy legislation e_g_ GDPR,25,0,1,Yes/No,4 - Very good / 0 - Very poor,"Certification of compliance with local, national, regional or international data protection regulations (e_g_ GDPR Certification), or equivalent",,,,,,,,,,,,,,
consumerIssues,accessToEssentialServices,6_6_0,"Where an organisation supplies essential services, it:",0,32,0,,,,,,,,,,,,,,,,,
consumerIssues,accessToEssentialServices,6_6_1, does not disconnect essential services for nonpayment without providing The Consumer or group of consumers with The opportunity to seek reasonable time to make The payment,1,32,1,Yes/No,4 - Very good / 0 - Very poor,"Relevant evidence e_g_ policy, procedure, announcement, warning, or equivalent",,,,,,,,,,,,,,
consumerIssues,accessToEssentialServices,6_6_2, does not resort to collective disconnection of services that penalise all consumers regardless of payment,2,32,1,Yes/No,4 - Very good / 0 - Very poor,"Relevant evidence e_g_ policy, procedure, announcement, warning, or equivalent",,,,,,,,,,,,,,
consumerIssues,accessToEssentialServices,6_6_3," outlines initiatives to subsidise those in need by introducing a tariff in The prices and charges set for The general public, where permitted_",3,32,1,Yes/No,4 - Very good / 0 - Very poor,"Relevant evidence e_g_ policy, procedure, announcement, warning, or equivalent",,,,,,,,,,,,,,
consumerIssues,accessToEssentialServices,6_6_4," operates in a transparent manner, providing information related to The setting of prices and charges",4,32,1,Yes/No,4 - Very good / 0 - Very poor,"Relevant evidence e_g_ policy, procedure, announcement, warning, or equivalent",,,,,,,,,,,,,,
consumerIssues,accessToEssentialServices,6_6_5, expands the organisations coverage and provides the same quality and level of service without discrimination to all groups of consumers,5,32,1,Yes/No,4 - Very good / 0 - Very poor,"Relevant evidence e_g_ policy, procedure, announcement, warning, or equivalent",,,,,,,,,,,,,,
consumerIssues,accessToEssentialServices,6_6_6," manages any curtailment or interruption of supply in an equitable manner, avoiding Discrimination against any group of consumers",6,32,1,Yes/No,4 - Very good / 0 - Very poor,"Relevant evidence e_g_ policy, procedure, announcement, warning, or equivalent",,,,,,,,,,,,,,
consumerIssues,accessToEssentialServices,6_6_7, maintains and upgrades the organisations systems to help prevent the disruption of service_,7,32,1,Yes/No,4 - Very good / 0 - Very poor,"Relevant evidence e_g_ policy, procedure, announcement, warning, or equivalent",,,,,,,,,,,,,,
consumerIssues,educationAndAwareness,6_7_0,Organisation educates consumers on:,0,33,0,,,,,,,,,,,,,,,,,
consumerIssues,educationAndAwareness,6_7_1," health and safety of Its products and services, including product hazards",1,33,1,Yes/No,4 - Very good / 0 - Very poor,"Example of educational advertisement or spot; event / training attendance sheet; agenda of the event / training, or equivalent",,,,,,,,,,,,,,
consumerIssues,educationAndAwareness,6_7_2," information on appropriate laws and regulations, ",2,33,1,Yes/No,4 - Very good / 0 - Very poor,"Example of educational advertisement or spot; event / training attendance sheet; agenda of the event / training, or equivalent",,,,,,,,,,,,,,
consumerIssues,educationAndAwareness,6_7_3, ways of obtaining redress,3,33,1,Yes/No,4 - Very good / 0 - Very poor,"Example of educational advertisement or spot; event / training attendance sheet; agenda of the event / training, or equivalent",,,,,,,,,,,,,,
consumerIssues,educationAndAwareness,6_7_4, agencies and organisations for Consumer protection,4,33,1,Yes/No,4 - Very good / 0 - Very poor,"Example of educational advertisement or spot; event / training attendance sheet; agenda of the event / training, or equivalent",,,,,,,,,,,,,,
consumerIssues,educationAndAwareness,6_7_5, product and service labelling,5,33,1,Yes/No,4 - Very good / 0 - Very poor,"Example of educational advertisement or spot; event / training attendance sheet; agenda of the event / training, or equivalent",,,,,,,,,,,,,,
consumerIssues,educationAndAwareness,6_7_6, information provided in manuals and instructions,6,33,1,Yes/No,4 - Very good / 0 - Very poor,"Example of educational advertisement or spot; event / training attendance sheet; agenda of the event / training, or equivalent",,,,,,,,,,,,,,
consumerIssues,educationAndAwareness,6_7_7," information on weights and measures, prices, quality, credit conditions and availability of essential services",7,33,1,Yes/No,4 - Very good / 0 - Very poor,"Example of educational advertisement or spot; event / training attendance sheet; agenda of the event / training, or equivalent",,,,,,,,,,,,,,
consumerIssues,educationAndAwareness,6_7_8, information about risks related to use and any necessary precautions,8,33,1,Yes/No,4 - Very good / 0 - Very poor,"Example of educational advertisement or spot; event / training attendance sheet; agenda of the event / training, or equivalent",,,,,,,,,,,,,,
consumerIssues,educationAndAwareness,6_7_9, financial and investment products and services,9,33,1,Yes/No,4 - Very good / 0 - Very poor,"Example of educational advertisement or spot; event / training attendance sheet; agenda of the event / training, or equivalent",,,,,,,,,,,,,,
consumerIssues,educationAndAwareness,6_7_10, Environmental protection,10,33,1,Yes/No,4 - Very good / 0 - Very poor,"Example of educational advertisement or spot; event / training attendance sheet; agenda of the event / training, or equivalent",,,,,,,,,,,,,,
consumerIssues,educationAndAwareness,6_7_11," efficient use of materials, energy and water",11,33,1,Yes/No,4 - Very good / 0 - Very poor,"Example of educational advertisement or spot; event / training attendance sheet; agenda of the event / training, or equivalent",,,,,,,,,,,,,,
consumerIssues,educationAndAwareness,6_7_12, sustainable consumption,12,33,1,Yes/No,4 - Very good / 0 - Very poor,"Example of educational advertisement or spot; event / training attendance sheet; agenda of the event / training, or equivalent",,,,,,,,,,,,,,
consumerIssues,educationAndAwareness,6_7_13," proper disposal of wrapping, waste and products",13,33,1,Yes/No,4 - Very good / 0 - Very poor,"Example of educational advertisement or spot; event / training attendance sheet; agenda of the event / training, or equivalent",,,,,,,,,,,,,,
consumerIssues,educationAndAwareness,6_7_14, their applicable Rights and obligations,14,33,1,Yes/No,4 - Very good / 0 - Very poor,"Example of educational advertisement or spot; event / training attendance sheet; agenda of the event / training, or equivalent",,,,,,,,,,,,,,
consumerIssues,educationAndAwareness,6_7_15," assessing products and services, and making comparisons",15,33,1,Yes/No,4 - Very good / 0 - Very poor,"Example of educational advertisement or spot; event / training attendance sheet; agenda of the event / training, or equivalent",,,,,,,,,,,,,,
communityInvolvementAndDevelopment,communityInvolvement,7_1_1,"Organisation consults representative community groups and authorities, including vulnerable discriminated, marginalized, unrepresented and underrepresented groups, in order to determine the priorities for social investment and community development activities_",0,0,1,Yes/No,4 - Very good / 0 - Very poor,"Evidence of carrying out these activities e_g_ minutes kept, attendance sheet, newsletters, articles, community surveys, or equivalent",,,,,,,,,,,,,,
communityInvolvementAndDevelopment,communityInvolvement,7_1_2,"Organisation consults and accommodates, prior to development, communities and indigenous people  on the terms and conditions of development that affect them",1,0,1,Yes/No,4 - Very good / 0 - Very poor,"Evidence of carrying out these activities e_g_ minutes kept, attendance sheet, newsletters, articles, community surveys, or equivalent",,,,,,,,,,,,,,
communityInvolvementAndDevelopment,communityInvolvement,7_1_3,Organisation participates in local associations with the objective of contributing to the public good and the development goals of communities,2,0,1,Yes/No,4 - Very good / 0 - Very poor,"Evidence of carrying out these activities e_g_ minutes kept, attendance sheet, newsletters, articles, or equivalent",,,,,,,,,,,,,,
communityInvolvementAndDevelopment,communityInvolvement,7_1_4,"Organisation maintains transparent relationships with local government officials and political representatives, free from bribery or improper influence",3,0,1,Yes/No,4 - Very good / 0 - Very poor,"Code of conduct/ethics, Anti-bribery and Corruption Policy/Training, Relevant (ISO) certificate, or equivalent",,,,,,,,,,,,,,
communityInvolvementAndDevelopment,communityInvolvement,7_1_5,Organisation carries out and promotes community service,4,0,1,Yes/No,4 - Very good / 0 - Very poor,"Evidence of carrying out and promoting community service activities (e_g_ Organising community service event), or equivalent",,,,,,,,,,,,,,
communityInvolvementAndDevelopment,communityInvolvement,7_1_6,Organisation formulates and carries out community development programmes with respect to the priorities identified in relevant consultation,5,0,1,Yes/No,4 - Very good / 0 - Very poor,"Evidence of carrying out community development programmes (e_g_ community development programmes in sectors such as education, health care, social welfare etc), or equivalent",,,,,,,,,,,,,,
communityInvolvementAndDevelopment,communityInvolvement,7_1_7,Organisation is responsibly involved in and contributes to the formulation and implementation of regional/local community development programmes_,6,0,1,Yes/No,4 - Very good / 0 - Very poor,Evidence of involvement and contribution in regional/local community development programmes (e_g_ documentation/photos showing involvement in such programmes),,,,,,,,,,,,,,
communityInvolvementAndDevelopment,communityInvolvement,7_1_8,"Organisation forms partnerships with local, national and intenrational civil society organisations",7,0,1,Yes/No,4 - Very good / 0 - Very poor,"Relevance evidence or documentation demonstrating existence of partnerships such as  NGO sand community-based organizations, or equivalent",,,,,,,,,,,,,,
communityInvolvementAndDevelopment,educationAndCulture,7_2_1,Organisation offers social contribution to employees,0,0,1,Yes/No,4 - Very good / 0 - Very poor,"Evidence of carrying out these activities e_g_ minutes kept, attendance sheet, newsletters, articles, or equivalent",,,,,,,,,,,,,,
communityInvolvementAndDevelopment,educationAndCulture,7_2_2,Organisation offers education opportunities e_g_ scholarships,1,0,1,Yes/No,4 - Very good / 0 - Very poor,"Relevance evidence or documentation, or equivalent",,,,,,,,,,,,,,
communityInvolvementAndDevelopment,educationAndCulture,7_2_3,Organisation offers skills development training to the community,2,0,1,Yes/No,4 - Very good / 0 - Very poor,"Evidence of carrying out these activities e_g_ training syllabus, training plan, relevant photos, evidence of training taking place, or equivalent",,,,,,,,,,,,,,
communityInvolvementAndDevelopment,educationAndCulture,7_2_4,Organisation offers  apprenticeships to local disadvantaged groups e_g_ individuals without university degrees,3,0,1,Yes/No,4 - Very good / 0 - Very poor,"Apprenticeship programme details, advertising of apprenticeship positions etc_, or equivalent",,,,,,,,,,,,,,
communityInvolvementAndDevelopment,educationAndCulture,7_2_5,Organisation encourages other organisations to adopt similar policies,4,0,1,Yes/No,4 - Very good / 0 - Very poor,"Evidence of promoting education and culture activities through value chain (e_g_ call for business partners to join and co-organise relevant activities), or equivalent",,,,,,,,,,,,,,
communityInvolvementAndDevelopment,educationAndCulture,7_2_6,"Organisation identifies, preserves, enhances and protects cultural heritage resources",5,0,1,Yes/No,4 - Very good / 0 - Very poor,"Relevance evidence or documentation (e_g_ development impact assessment showing identification or consideration of heritage resources), or equivalent",,,,,,,,,,,,,,
communityInvolvementAndDevelopment,educationAndCulture,7_2_7,Organisation carries out activities that encourage education for children,6,0,1,Yes/No,4 - Very good / 0 - Very poor,"Evidence of carrying out these activities e_g_ equipment donations, sharing knowledge, financial contributions, or equivalent",,,,,,,,,,,,,,
communityInvolvementAndDevelopment,educationAndCulture,7_2_8,Organisation facilitates human rights education and awareness raising for the community,7,0,1,Yes/No,4 - Very good / 0 - Very poor,"Evidence of carrying out these activities e_g_ raising awareness on human rights related issued through marketing material or other appropriate communication channels with community, or equivalent",,,,,,,,,,,,,,
communityInvolvementAndDevelopment,educationAndCulture,7_2_9,Organisation promotes the use of traditional knowledge and technologies of communities,8,0,1,Yes/No,4 - Very good / 0 - Very poor,"Evidence of carrying out these activities e_g_  Events or provision of information that enhance know-how, skills and practices within a community, or equivalent",,,,,,,,,,,,,,
communityInvolvementAndDevelopment,employmentCreationAndSkillsDevelopment,7_3_1,Organisation considers the benefit of creating direct employment rather than using temporary work arrangement when recruiting,0,0,1,Yes/No,4 - Very good / 0 - Very poor,"Relevant evidence e_g_ recruitment policy, impact assessment, or equivalent",,,,,,,,,,,,,,
communityInvolvementAndDevelopment,employmentCreationAndSkillsDevelopment,7_3_2_0,Organisation analyses and takes into consideration the impact on employment creation when:,1,34,0,,,,,,,,,,,,,,,,,
communityInvolvementAndDevelopment,employmentCreationAndSkillsDevelopment,7_3_2_1, making investment decisions,2,34,1,Yes/No,4 - Very good / 0 - Very poor,Impact analysis report or equivalent,,,,,,,,,,,,,,
communityInvolvementAndDevelopment,employmentCreationAndSkillsDevelopment,7_3_2_2, selecting technologies,3,34,1,Yes/No,4 - Very good / 0 - Very poor,Impact analysis report or equivalent,,,,,,,,,,,,,,
communityInvolvementAndDevelopment,employmentCreationAndSkillsDevelopment,7_3_2_3, making outsourcing decisions,4,34,1,Yes/No,4 - Very good / 0 - Very poor,Impact analysis report or equivalent,,,,,,,,,,,,,,
communityInvolvementAndDevelopment,employmentCreationAndSkillsDevelopment,7_3_2_4, choosing between creating direct employment and using temporary Work arrangements,5,34,1,Yes/No,4 - Very good / 0 - Very poor,Impact analysis report or equivalent,,,,,,,,,,,,,,
communityInvolvementAndDevelopment,employmentCreationAndSkillsDevelopment,7_3_3,Organisation is commited to skills development within the community by participating in local and national skills development programmes,6,0,1,Yes/No,4 - Very good / 0 - Very poor,"Evidence of carrying out these activities e_g_ photos, marketing material, attendance sheets, newsletters, articles, or equivalent",,,,,,,,,,,,,,
communityInvolvementAndDevelopment,employmentCreationAndSkillsDevelopment,7_3_4,"Organisation promotes framework conditions necessary to create employment e_g_ entrepreneurial culture, access to human capital, knowledge creation, networking, financing, etc_",7,0,1,Yes/No,4 - Very good / 0 - Very poor,"Evidence of carrying out these activities e_g_ evidence of organising relevant events, or equivalent",,,,,,,,,,,,,,
communityInvolvementAndDevelopment,employmentCreationAndSkillsDevelopment,7_3_5,Organisation takes action(s) to promote the framework conditions necessary to foster employment,8,0,1,Yes/No,4 - Very good / 0 - Very poor,"Evidence of carrying out relevant activities, such as Identification of labour market needs and implementation of relevant skills development programmes within community, or equivalent",,,,,,,,,,,,,,
communityInvolvementAndDevelopment,technologyDevelopmentAndAccess,7_4_1,"Organisation maps the communitys challenges e_g_ social, environmental, etc_",0,0,1,Yes/No,4 - Very good / 0 - Very poor," Job description of appointed community communications officer; link to website section on community matters; evidence of community hotline e_g_ advertisement or relevant website section; Community surveys, or equivalent",,,,,,,,,,,,,,
communityInvolvementAndDevelopment,technologyDevelopmentAndAccess,7_4_2,Organisation practices technology transfer and diffusion e_g_ hosts technology showcase events or knowledge donation programs (Techtalks) and workshops,1,0,1,Yes/No,4 - Very good / 0 - Very poor,"Evidence of carrying out these activities e_g_ minutes kept, photos, attendance sheet, newsletters, articles, or equivalent",,,,,,,,,,,,,,
communityInvolvementAndDevelopment,technologyDevelopmentAndAccess,7_4_3,Organisation develops technologies that address the communitys challenges,2,0,1,Yes/No,4 - Very good / 0 - Very poor,"Relevant evidence or documentation for technologies developed that address an identified community challenge, or equivalent",,,,,,,,,,,,,,
communityInvolvementAndDevelopment,technologyDevelopmentAndAccess,7_4_4,Organisation forms partnerships to enhance scientific and technological development e_g_ carries out or sponsors local university collaborations or research programs,3,0,1,Yes/No,4 - Very good / 0 - Very poor,"Relevant evidence or documentation demonstrating partnerships with research/higher education/technological institutions with the scope of directly or indirectly promoting techinical and scientific development, or equivalent",,,,,,,,,,,,,,
communityInvolvementAndDevelopment,technologyDevelopmentAndAccess,7_4_5,Organisation sets discount policies on technological products (where applicable) for underprivileged members of the local community,4,0,1,Yes/No,4 - Very good / 0 - Very poor,"Relevant evidence or documentation (e_g_ Marketing material) demonstrating a discount policy for technological produts, designed to benefit underprivileged groups, or equivalent",,Number of local employees,Number of total employees,% of local employees,,,,,,,,,,
communityInvolvementAndDevelopment,wealthAndIncomeCreation,7_5_1,Organisation practices local hiring,0,0,2,No_ of total employees; No_ of local employees_ Visual example on the right ---->,local employees%: 0-20% - Very poor / 20-40% - Poor / 40-60% Acceptable / 60-80% Good / 80-100% Very good,"Statistics, recruitment policy or relevant records (e_g_ Employee social security record) that show that the organisation promotes and practices local hiring, or equivalent",,450,765,59%,,,,,,,,,,
communityInvolvementAndDevelopment,wealthAndIncomeCreation,7_5_2,Organisation practices local sourcing of goods and services,1,0,2,"% of goods and services that are locally sourced (we want directly the percentage here, no formula needed)",locally sourced%: 0-20% - Very poor / 20-40% - Poor / 40-60% - Acceptable / 60-80% - Good / 80-100% - Very good,"Statistics, procurement policy or relevant records that show that the organisation promotes and practices local sourcing of good and services, or equivalent",,,,,,,,,,,,,,
communityInvolvementAndDevelopment,wealthAndIncomeCreation,7_5_3,"Organisation carries out an impact assessment regarding the economic, social and environmental impact of entering or leaving the local community",2,0,1,Yes/No,4 - Very good / 0 - Very poor,Relevant Impact Assessment Report or equivalent,,,,,,,,,,,,,,
communityInvolvementAndDevelopment,wealthAndIncomeCreation,7_5_4,Organisation supports capacity building of the local value chain,3,0,1,Yes/No,4 - Very good / 0 - Very poor,"Evidence of carrying out these activities e_g_ organisation of training workshops, marketing material, newsletters, articles, or equivalent",,,,,,,,,,,,,,
communityInvolvementAndDevelopment,wealthAndIncomeCreation,7_5_5,Organisation facilitates community networks to create social capital through appropriately helping develop communitybased associations of entrepreneurs,4,0,1,Yes/No,4 - Very good / 0 - Very poor,"Evidence of carrying out these activities e_g_ evidence of communication with relevant community networks and evidence of promoting the creation of community-based associations of entrepreneurs, promoting an entrepreneurial culture, or equivalent",,,,,,,,,,,,,,
communityInvolvementAndDevelopment,wealthAndIncomeCreation,7_5_6,Organisation is responsible in fulfiling its tax responsibilities by providing the authorities with the necessary information to correctly determine taxes due,5,0,1,Yes/No,4 - Very good / 0 - Very poor,"Evidence of cooperation with tax authorities e_g_ tax certificate, or equivalent",,,,,,,,,,,,,,
communityInvolvementAndDevelopment,wealthAndIncomeCreation,7_5_7,Organisation participates in programmes and partnerships for local community members e_g_ womenled businesses,6,0,1,Yes/No,4 - Very good / 0 - Very poor,"Evidence of carrying out these activities e_g_ Meeting minutes, Attendance register, photos of participation in events, newsletter, articles, or equivalent",,,,,,,,,,,,,,
communityInvolvementAndDevelopment,wealthAndIncomeCreation,7_5_8,Organisation supports the diversification of the existing economic activity in the community e_g_ via research and development ,7,0,1,Yes/No,4 - Very good / 0 - Very poor,"Evidence of carrying out R&D e_g_ R&D budget, or equivalent",,,,,,,,,,,,,,
communityInvolvementAndDevelopment,wealthAndIncomeCreation,7_5_9,Organisation encourages the efficient use of available resources,8,0,1,Yes/No,4 - Very good / 0 - Very poor,"Evidence of promoting sustainable and efficient resource use e_g_ raising awareness as part of marketing campaigns, blog articles, product pagkaging design or relevant information on packaging, actions that enhance efficient use of resources and hence encourage similar culture within the community, or equivalent",,,,,,,,,,,,,,
communityInvolvementAndDevelopment,wealthAndIncomeCreation,7_5_10,Organisation supports organisations and persons that bring needed products and services to the community,9,0,1,Yes/No,4 - Very good / 0 - Very poor,"Evidence of carrying out these activities e_g_ partnerships with such entities, procurement policy, other types of support, or equivalent",,,,,,,,,,,,,,
communityInvolvementAndDevelopment,wealthAndIncomeCreation,7_5_11,Contributes to superannuation and pensions for employees,10,0,1,Yes/No,4 - Very good / 0 - Very poor,"Relevant evidence or documentation e_g_ anonymised payslips, Employee Benefits Scheme, or equivalent",,,,,,,,,,,,,,
communityInvolvementAndDevelopment,wealthAndIncomeCreation,7_5_12,Organisation practices fair trade,11,0,1,Yes/No,4 - Very good / 0 - Very poor,"Relevant evidence or documentation e_g_ Fair trade certification or equivalent for products/services, or equivalent",,,,,,,,,,,,,,
communityInvolvementAndDevelopment,health,7_6_1,"Organisation carries out activities to promote community health, healthcare awareness and access to healthcare",0,0,1,Yes/No,4 - Very good / 0 - Very poor,"Evidence of carrying out these activities e_g_ awareness raising through marketing campaign, minutes kept from relevant events, newsletters, articles, or equivalent",,,,,,,,,,,,,,
communityInvolvementAndDevelopment,health,7_6_2,Organisation carries out activities to promote access to adequate food and healthy diets,1,0,1,Yes/No,4 - Very good / 0 - Very poor,"Evidence of carrying out these activities e_g_ food donations; raising awareness on healthy nutrition and balanced diet through articles, marketing etc_, or equivalent",,,,,,,,,,,,,,
communityInvolvementAndDevelopment,health,7_6_3,Organisation is taking actions to end malnutrition and hunger,2,0,1,Yes/No,4 - Very good / 0 - Very poor,"Evidence of carrying out these activities e_g_ targeted food donations, financial donations to food banks etc_, or equivalent",,,,,,,,,,,,,,
communityInvolvementAndDevelopment,health,7_6_4,"Organisation seeks to eliminate negative health impacts of any production process, product or service it provides",3,0,1,Yes/No,4 - Very good / 0 - Very poor,"Impact analysis report or equivalent, taking into account any adverse health impacts in order to eliminate them",,,,,,,,,,,,,,
communityInvolvementAndDevelopment,socialInvestment,7_7_1_1,Organisation has an Ethical giving strategy in place that:,0,35,1,Yes/No,4 - Very good / 0 - Very poor,"Donation strategy/plan, Ethical Giving Strategy or equivalent",,,,,,,,,,,,,,
communityInvolvementAndDevelopment,socialInvestment,7_7_1_2," ensures its practices do not perpetuate a communitys dependence on the organisations philantrhopic activities, ongoing presence or support",1,35,1,Yes/No,4 - Very good / 0 - Very poor,"Donation strategy/plan, Ethical Giving Strategy or equivalent",,,,,,,,,,,,,,
communityInvolvementAndDevelopment,socialInvestment,7_7_1_3," outlines procedures for assessing Its own initiatives, reporting to The Community and employees, and identifying areas of improvement",2,35,1,Yes/No,4 - Very good / 0 - Very poor,"Donation strategy/plan, Ethical Giving Strategy or equivalent",,,,,,,,,,,,,,
communityInvolvementAndDevelopment,socialInvestment,7_7_2_1,Organisation provides support to local social programmes in order to:,3,35,1,Yes/No,4 - Very good / 0 - Very poor,"Evidence of providing suppot to local social programmes e_g_ financial or other suppport (donation receipt), evidence of knowledge sharing, responsible sharing of valuable data such as data on communitys challenges and needs, or equivalent",,,,,,,,,,,,,,
communityInvolvementAndDevelopment,socialInvestment,7_7_2_2, broaden opportunities for citizens,4,35,1,Yes/No,4 - Very good / 0 - Very poor,"Evidence of providing suppot to local social programmes e_g_ financial or other suppport (donation receipt), evidence of knowledge sharing, responsible sharing of valuable data such as data on communitys challenges and needs, or equivalent",,,,,,,,,,,,,,
communityInvolvementAndDevelopment,socialInvestment,7_7_2_3, provide access to Food and other essential products for vulnerable or discriminated groups and persons with low Income,5,35,1,Yes/No,4 - Very good / 0 - Very poor,"Evidence of providing suppot to local social programmes e_g_ financial or other suppport (donation receipt), evidence of knowledge sharing, responsible sharing of valuable data such as data on communitys challenges and needs, or equivalent",,,,,,,,,,,,,,
communityInvolvementAndDevelopment,socialInvestment,7_7_3,Organisation maps the communitys challenges and needs,6,0,1,Yes/No,4 - Very good / 0 - Very poor,"Relevance evidence or documentation e_g_ community surveys, appointed person responsible for community engagement etc_, or equivalent",,,,,,,,,,,,,,
communityInvolvementAndDevelopment,socialInvestment,7_7_4,"Organisation engages in social investment e_g_ projects related to education, training, culture, healthcare, income generation, infrastructure development, improving access to information, promoting economic and social development, philanthropy",7,0,1,Yes/No,4 - Very good / 0 - Very poor,"Evidence of carrying out these activities e_g_ Meeting minutes, Attendance register, photos of participation in events, newsletter, articles, etc_ or equivalent",,,,,,,,,,,,,,
communityInvolvementAndDevelopment,socialInvestment,7_7_5,"Organisation partners with other organisations e_g_ government, business, NGOs, on social investment projects to maximise synergies and make use of complementary resources, knowledge and skills",8,0,1,Yes/No,4 - Very good / 0 - Very poor,"Relevance evidence or documentation demonstrating existence of partnerships and participation in social investment project (e_g_ newsletters, blog articles, photos, attendance register etc_), or equivalent",,,,,,,,,,,,,,
